period,ISO,COUNTRY,import_value,region
2012,AFG,Afghanistan,61067,Asia
2012,ALB,Albania,635056,Europe
2012,DZA,Algeria,308113614,Africa
2012,ASM,American Samoa,23572756,Oceania
2012,AND,Andorra,22612842,Europe
2012,AGO,Angola,503458931,Africa
2012,ATG,Antigua and Barbuda,5747659,Americas
2012,AZE,Azerbaijan,1233541114,Asia
2012,ARG,Argentina,1756278765,Americas
2012,AUS,Australia,5297647618,Oceania
2012,AUT,Austria,324475509,Europe
2012,BHS,Bahamas,105061,Americas
2012,BHR,Bahrain,74908267,Asia
2012,BGD,Bangladesh,48698149,Asia
2012,ARM,Armenia,169892,Asia
2012,BRB,Barbados,1147927,Americas
2012,BEL,Belgium,628139296,Europe
2012,BMU,Bermuda,71845792,Americas
2012,BTN,Bhutan,27408,Asia
2012,BOL,Bolivia (Plurinational State of),1165505,Americas
2012,BIH,Bosnia Herzegovina,648976,Europe
2012,BWA,Botswana,2202,Africa
2012,BRA,Brazil,1970951038,Americas
2012,BLZ,Belize,4266709,Americas
2012,IOT,Br. Indian Ocean Terr.,351444,Africa
2012,SLB,Solomon Isds,3376924,Oceania
2012,VGB,Br. Virgin Isds,3064836,Americas
2012,BRN,Brunei Darussalam,419793744,Asia
2012,BGR,Bulgaria,28219572,Europe
2012,MMR,Myanmar,63532625,Asia
2012,BLR,Belarus,86838823,Europe
2012,KHM,Cambodia,11572296,Asia
2012,CMR,Cameroon,14874064,Africa
2012,CAN,Canada,1810746039,Americas
2012,CPV,Cabo Verde,3946,Africa
2012,CYM,Cayman Isds,1243309,Americas
2012,CAF,Central African Rep.,9103854,Africa
2012,LKA,Sri Lanka,98022145,Asia
2012,TCD,Chad,5175139,Africa
2012,CHL,Chile,206640932,Americas
2012,CHN,China,29387066842,Asia
2012,CXR,Christmas Isds,6244218,Oceania
2012,CCK,Cocos Isds,10805,Oceania
2012,COL,Colombia,19529171,Americas
2012,COM,Comoros,546517,Africa
2012,COG,Congo,1346524,Africa
2012,COD,Dem. Rep. of the Congo,3775110,Africa
2012,COK,Cook Isds,42324,Oceania
2012,CRI,Costa Rica,8513358,Americas
2012,HRV,Croatia,10843834,Europe
2012,CUB,Cuba,1253149,Americas
2012,CYP,Cyprus,3433292,Asia
2012,CZE,Czechia,119028640,Europe
2012,BEN,Benin,13253005,Africa
2012,DNK,Denmark,173488072,Europe
2012,DMA,Dominica,595071,Americas
2012,DOM,Dominican Rep.,3842904,Americas
2012,ECU,Ecuador,6830487,Americas
2012,SLV,El Salvador,1209610,Americas
2012,GNQ,Equatorial Guinea,7710,Africa
2012,ETH,Ethiopia,8133363,Africa
2012,ERI,Eritrea,756060,Africa
2012,EST,Estonia,89336640,Europe
2012,FRO,Faeroe Isds,17,Europe
2012,FLK,Falkland Isds (Malvinas),35398,Americas
2012,SGS,South Georgia and the South Sandwich Islands,6155,Americas
2012,FJI,Fiji,1512505,Oceania
2012,FIN,Finland,448813354,Europe
2012,FRA,France,1926195228,Europe
2012,PYF,French Polynesia,71712,Oceania
2012,DJI,Djibouti,1415331,Africa
2012,GAB,Gabon,1266406,Africa
2012,GEO,Georgia,6858707,Asia
2012,GMB,Gambia,722384,Africa
2012,PSE,State of Palestine,1001880,Asia
2012,DEU,Germany,4188549129,Europe
2012,GHA,Ghana,15697925,Africa
2012,KIR,Kiribati,824,Oceania
2012,GRC,Greece,122874633,Europe
2012,GRL,Greenland,3236456,Americas
2012,GRD,Grenada,73380,Americas
2012,GUM,Guam,844,Oceania
2012,GTM,Guatemala,908749,Americas
2012,GIN,Guinea,828267,Africa
2012,GUY,Guyana,1311789,Americas
2012,HTI,Haiti,4008463,Americas
2012,VAT,Holy See (Vatican City State),99353,Europe
2012,HND,Honduras,1301900,Americas
2012,HKG,"China, Hong Kong SAR",1930212884,Asia
2012,HUN,Hungary,162368663,Europe
2012,ISL,Iceland,852632,Europe
2012,IDN,Indonesia,161143979,Asia
2012,IRN,Iran,773507882,Asia
2012,IRQ,Iraq,106035,Asia
2012,IRL,Ireland,109866817,Europe
2012,ISR,Israel,14021635,Asia
2012,ITA,Italy,1523826538,Europe
2012,CIV,Côte d'Ivoire,38472251,Africa
2012,JAM,Jamaica,931199,Americas
2012,JPN,Japan,22767831170,Asia
2012,KAZ,Kazakhstan,54718175,Asia
2012,JOR,Jordan,342096726,Asia
2012,KEN,Kenya,15846406,Africa
2012,PRK,Dem. People's Rep. of Korea,61560840,Asia
2012,KOR,Rep. of Korea,11970370657,Asia
2012,KWT,Kuwait,2181484447,Asia
2012,KGZ,Kyrgyzstan,1467726,Asia
2012,LAO,Lao People's Dem. Rep.,3301245,Asia
2012,LBN,Lebanon,2727740,Asia
2012,LSO,Lesotho,829,Africa
2012,LVA,Latvia,5723268,Europe
2012,LBR,Liberia,6609371,Africa
2012,LBY,Libya,511266733,Africa
2012,LTU,Lithuania,18002047,Europe
2012,LUX,Luxembourg,9097663,Europe
2012,MAC,"China, Macao SAR",3853496,Asia
2012,MDG,Madagascar,91147954,Africa
2012,MWI,Malawi,6072397,Africa
2012,MYS,Malaysia,12243573114,Asia
2012,MDV,Maldives,37685,Asia
2012,MLI,Mali,33120083,Africa
2012,MLT,Malta,3905130,Europe
2012,MRT,Mauritania,2548088,Africa
2012,MUS,Mauritius,6894792,Africa
2012,MEX,Mexico,568439129,Americas
2012,MNG,Mongolia,62640,Asia
2012,MDA,Rep. of Moldova,677591,Europe
2012,MSR,Montserrat,355,Americas
2012,MAR,Morocco,188023011,Africa
2012,MOZ,Mozambique,21055400,Africa
2012,OMN,Oman,226184546,Asia
2012,NAM,Namibia,2409122,Africa
2012,NRU,Nauru,10653,Oceania
2012,NPL,Nepal,63517,Asia
2012,NLD,Netherlands,880229830,Europe
2012,CUW,Curaçao,2098930,Americas
2012,ABW,Aruba,5792267,Americas
2012,NCL,New Caledonia,318725,Oceania
2012,VUT,Vanuatu,275357,Oceania
2012,NZL,New Zealand,696253737,Oceania
2012,NIC,Nicaragua,1327306,Americas
2012,NER,Niger,1130662,Africa
2012,NGA,Nigeria,2770663509,Africa
2012,NIU,Niue,98,Oceania
2012,NFK,Norfolk Isds,828834,Oceania
2012,NOR,Norway,234837073,Europe
2012,MNP,N. Mariana Isds,492,Oceania
2012,UMI,United States Minor Outlying Islands,3687,Oceania
2012,FSM,FS Micronesia,8040,Oceania
2012,MHL,Marshall Isds,21506163,Oceania
2012,PLW,Palau,24,Oceania
2012,PAK,Pakistan,273224555,Asia
2012,PAN,Panama,225225547,Americas
2012,PNG,Papua New Guinea,56829309,Oceania
2012,PRY,Paraguay,19553780,Americas
2012,PER,Peru,72678999,Americas
2012,PHL,Philippines,799712139,Asia
2012,POL,Poland,127405365,Europe
2012,PRT,Portugal,27944604,Europe
2012,TLS,Timor-Leste,632501,Asia
2012,QAT,Qatar,1595897420,Asia
2012,ROU,Romania,66255702,Europe
2012,RUS,Russian Federation,2505659133,Europe
2012,RWA,Rwanda,42128,Africa
2012,SHN,Saint Helena,473841,Africa
2012,KNA,Saint Kitts and Nevis,2198,Americas
2012,AIA,Anguilla,20406,Americas
2012,LCA,Saint Lucia,129228,Americas
2012,VCT,Saint Vincent and the Grenadines,1579281,Americas
2012,SMR,San Marino,4338,Europe
2012,STP,Sao Tome and Principe,622,Africa
2012,SAU,Saudi Arabia,5199395114,Asia
2012,SEN,Senegal,3047817,Africa
2012,SRB,Serbia,11079,Europe
2012,SYC,Seychelles,346919,Africa
2012,SLE,Sierra Leone,2701290,Africa
2012,IND,India,4305643140,Asia
2012,SGP,Singapore,26087258529,Asia
2012,SVK,Slovakia,9019596,Europe
2012,VNM,Viet Nam,2595006406,Asia
2012,SVN,Slovenia,13851689,Europe
2012,SOM,Somalia,602675,Africa
2012,ZAF,South Africa,661981121,Africa
2012,ZWE,Zimbabwe,46990743,Africa
2012,ESP,Spain,459090428,Europe
2012,SDN,Sudan,1896118,Africa
2012,SUR,Suriname,1829260,Americas
2012,SWZ,Eswatini,4766797,Africa
2012,SWE,Sweden,1298715955,Europe
2012,CHE,Switzerland,542060856,Europe
2012,SYR,Syria,1612316,Asia
2012,TJK,Tajikistan,7624315,Asia
2012,THA,Thailand,11437238797,Asia
2012,TGO,Togo,18139031,Africa
2012,TKL,Tokelau,95601,Oceania
2012,TON,Tonga,411,Oceania
2012,TTO,Trinidad and Tobago,24174721,Americas
2012,ARE,United Arab Emirates,1731020098,Asia
2012,TUN,Tunisia,23477512,Africa
2012,TUR,Türkiye,304868928,Asia
2012,TKM,Turkmenistan,1279038,Asia
2012,TUV,Tuvalu,2560425,Oceania
2012,UGA,Uganda,24041590,Africa
2012,UKR,Ukraine,774075977,Europe
2012,MKD,North Macedonia,589922,Europe
2012,EGY,Egypt,222852842,Africa
2012,GBR,United Kingdom,1366326556,Europe
2012,TZA,United Rep. of Tanzania,63760977,Africa
2012,USA,USA,11614234745,Americas
2012,BFA,Burkina Faso,30082983,Africa
2012,URY,Uruguay,19997584,Americas
2012,UZB,Uzbekistan,319824,Asia
2012,VEN,Venezuela,690687,Americas
2012,WSM,Samoa,310608,Oceania
2012,YEM,Yemen,2065348,Asia
2012,ZMB,Zambia,11782915,Africa
2013,AFG,Afghanistan,15916,Asia
2013,ALB,Albania,691939,Europe
2013,DZA,Algeria,379247695,Africa
2013,ASM,American Samoa,4525864,Oceania
2013,AND,Andorra,1479,Europe
2013,AGO,Angola,212725284,Africa
2013,ATG,Antigua and Barbuda,4623271,Americas
2013,AZE,Azerbaijan,1738495693,Asia
2013,ARG,Argentina,1686627043,Americas
2013,AUS,Australia,5038166465,Oceania
2013,AUT,Austria,383601878,Europe
2013,BHS,Bahamas,6473168,Americas
2013,BHR,Bahrain,78141714,Asia
2013,BGD,Bangladesh,90169785,Asia
2013,ARM,Armenia,33309,Asia
2013,BRB,Barbados,17290,Americas
2013,BEL,Belgium,642540994,Europe
2013,BMU,Bermuda,267495461,Americas
2013,BTN,Bhutan,740,Asia
2013,BOL,Bolivia (Plurinational State of),134522,Americas
2013,BIH,Bosnia Herzegovina,9306761,Europe
2013,BWA,Botswana,3056,Africa
2013,BRA,Brazil,2215964397,Americas
2013,BLZ,Belize,1652028,Americas
2013,IOT,Br. Indian Ocean Terr.,2288,Africa
2013,SLB,Solomon Isds,3357396,Oceania
2013,VGB,Br. Virgin Isds,13434069,Americas
2013,BRN,Brunei Darussalam,645392246,Asia
2013,BGR,Bulgaria,51782052,Europe
2013,MMR,Myanmar,73151428,Asia
2013,BLR,Belarus,129821452,Europe
2013,KHM,Cambodia,17844685,Asia
2013,CMR,Cameroon,17287179,Africa
2013,CAN,Canada,2067471210,Americas
2013,CPV,Cabo Verde,13441,Africa
2013,CYM,Cayman Isds,9220,Americas
2013,CAF,Central African Rep.,12843360,Africa
2013,LKA,Sri Lanka,49531802,Asia
2013,TCD,Chad,6404567,Africa
2013,CHL,Chile,241248160,Americas
2013,CHN,China,29849460256,Asia
2013,CXR,Christmas Isds,6250688,Oceania
2013,CCK,Cocos Isds,33259,Oceania
2013,COL,Colombia,15766872,Americas
2013,COM,Comoros,49687,Africa
2013,COG,Congo,553879,Africa
2013,COD,Dem. Rep. of the Congo,4418854,Africa
2013,COK,Cook Isds,551775,Oceania
2013,CRI,Costa Rica,27663058,Americas
2013,HRV,Croatia,8066007,Europe
2013,CUB,Cuba,380236,Americas
2013,CYP,Cyprus,4277343,Asia
2013,CZE,Czechia,171593214,Europe
2013,BEN,Benin,24913700,Africa
2013,DNK,Denmark,199312090,Europe
2013,DMA,Dominica,116813,Americas
2013,DOM,Dominican Rep.,3197812,Americas
2013,ECU,Ecuador,13119180,Americas
2013,SLV,El Salvador,56102113,Americas
2013,ETH,Ethiopia,14989728,Africa
2013,ERI,Eritrea,1023,Africa
2013,EST,Estonia,2957955,Europe
2013,FRO,Faeroe Isds,134288,Europe
2013,FLK,Falkland Isds (Malvinas),2854,Americas
2013,SGS,South Georgia and the South Sandwich Islands,2427,Americas
2013,FJI,Fiji,2645447,Oceania
2013,FIN,Finland,442542480,Europe
2013,FRA,France,1594458436,Europe
2013,PYF,French Polynesia,75911,Oceania
2013,DJI,Djibouti,388512,Africa
2013,GAB,Gabon,455942,Africa
2013,GEO,Georgia,6918107,Asia
2013,GMB,Gambia,1303,Africa
2013,PSE,State of Palestine,186048,Asia
2013,DEU,Germany,4426331450,Europe
2013,GHA,Ghana,25622280,Africa
2013,KIR,Kiribati,12229,Oceania
2013,GRC,Greece,90570863,Europe
2013,GRL,Greenland,1102925,Americas
2013,GRD,Grenada,55300,Americas
2013,GUM,Guam,30,Oceania
2013,GTM,Guatemala,6040532,Americas
2013,GIN,Guinea,284270,Africa
2013,GUY,Guyana,437159,Americas
2013,HTI,Haiti,63337,Americas
2013,VAT,Holy See (Vatican City State),15208,Europe
2013,HND,Honduras,1433549,Americas
2013,HKG,"China, Hong Kong SAR",2092391621,Asia
2013,HUN,Hungary,110282305,Europe
2013,ISL,Iceland,533874,Europe
2013,IDN,Indonesia,179623141,Asia
2013,IRN,Iran,99047203,Asia
2013,IRQ,Iraq,114318,Asia
2013,IRL,Ireland,115803296,Europe
2013,ISR,Israel,15609160,Asia
2013,ITA,Italy,1695547570,Europe
2013,CIV,Côte d'Ivoire,60345903,Africa
2013,JAM,Jamaica,506331,Americas
2013,JPN,Japan,19284588145,Asia
2013,KAZ,Kazakhstan,16941672,Asia
2013,JOR,Jordan,315773622,Asia
2013,KEN,Kenya,13964365,Africa
2013,PRK,Dem. People's Rep. of Korea,13635289,Asia
2013,KOR,Rep. of Korea,11592633392,Asia
2013,KWT,Kuwait,1440878782,Asia
2013,KGZ,Kyrgyzstan,1380447,Asia
2013,LAO,Lao People's Dem. Rep.,7545137,Asia
2013,LBN,Lebanon,1048965,Asia
2013,LSO,Lesotho,86959,Africa
2013,LVA,Latvia,5211921,Europe
2013,LBR,Liberia,6400868,Africa
2013,LBY,Libya,375656066,Africa
2013,LTU,Lithuania,6308461,Europe
2013,LUX,Luxembourg,16358976,Europe
2013,MAC,"China, Macao SAR",7536847,Asia
2013,MDG,Madagascar,10506835,Africa
2013,MWI,Malawi,9050933,Africa
2013,MYS,Malaysia,13322532977,Asia
2013,MDV,Maldives,5856,Asia
2013,MLI,Mali,43243360,Africa
2013,MLT,Malta,2963444,Europe
2013,MRT,Mauritania,639395,Africa
2013,MUS,Mauritius,8648799,Africa
2013,MEX,Mexico,515792456,Americas
2013,MNG,Mongolia,2968901,Asia
2013,MDA,Rep. of Moldova,7975068,Europe
2013,MNE,Montenegro,157012,Europe
2013,MSR,Montserrat,4569,Americas
2013,MAR,Morocco,118316222,Africa
2013,MOZ,Mozambique,57939489,Africa
2013,OMN,Oman,252951635,Asia
2013,NAM,Namibia,614605,Africa
2013,NRU,Nauru,62172,Oceania
2013,NPL,Nepal,115569,Asia
2013,NLD,Netherlands,1033812974,Europe
2013,CUW,Curaçao,4894513,Americas
2013,ABW,Aruba,214787,Americas
2013,NCL,New Caledonia,381617,Oceania
2013,VUT,Vanuatu,76044,Oceania
2013,NZL,New Zealand,805987907,Oceania
2013,NIC,Nicaragua,838292,Americas
2013,NER,Niger,282418,Africa
2013,NGA,Nigeria,3122441367,Africa
2013,NIU,Niue,3263,Oceania
2013,NFK,Norfolk Isds,594352,Oceania
2013,NOR,Norway,226259571,Europe
2013,FSM,FS Micronesia,6113,Oceania
2013,MHL,Marshall Isds,2858123,Oceania
2013,PAK,Pakistan,168741979,Asia
2013,PAN,Panama,13696128,Americas
2013,PNG,Papua New Guinea,78087124,Oceania
2013,PRY,Paraguay,103361885,Americas
2013,PER,Peru,51801152,Americas
2013,PHL,Philippines,777383933,Asia
2013,POL,Poland,150712873,Europe
2013,PRT,Portugal,41895778,Europe
2013,GNB,Guinea-Bissau,18530,Africa
2013,TLS,Timor-Leste,273960,Asia
2013,QAT,Qatar,1481292848,Asia
2013,ROU,Romania,41222192,Europe
2013,RUS,Russian Federation,2593637267,Europe
2013,RWA,Rwanda,117977,Africa
2013,SHN,Saint Helena,165140,Africa
2013,KNA,Saint Kitts and Nevis,18552,Americas
2013,AIA,Anguilla,30979,Americas
2013,LCA,Saint Lucia,210,Americas
2013,VCT,Saint Vincent and the Grenadines,1471893,Americas
2013,SMR,San Marino,64907,Europe
2013,STP,Sao Tome and Principe,4258,Africa
2013,SAU,Saudi Arabia,6526424476,Asia
2013,SEN,Senegal,4065869,Africa
2013,SRB,Serbia,3307376,Europe
2013,SYC,Seychelles,853809,Africa
2013,SLE,Sierra Leone,178465,Africa
2013,IND,India,3963980281,Asia
2013,SGP,Singapore,25581520273,Asia
2013,SVK,Slovakia,12532081,Europe
2013,VNM,Viet Nam,2722637451,Asia
2013,SVN,Slovenia,16608479,Europe
2013,SOM,Somalia,6948,Africa
2013,ZAF,South Africa,624931108,Africa
2013,ZWE,Zimbabwe,29496111,Africa
2013,ESP,Spain,545165285,Europe
2013,SDN,Sudan,3666594,Africa
2013,ESH,Western Sahara,2385,Africa
2013,SUR,Suriname,1552,Americas
2013,SWZ,Eswatini,3919451,Africa
2013,SWE,Sweden,825575642,Europe
2013,CHE,Switzerland,710468693,Europe
2013,SYR,Syria,1526293,Asia
2013,TJK,Tajikistan,92821,Asia
2013,THA,Thailand,10703074072,Asia
2013,TGO,Togo,13384095,Africa
2013,TKL,Tokelau,263051,Oceania
2013,TON,Tonga,1251,Oceania
2013,TTO,Trinidad and Tobago,681687,Americas
2013,ARE,United Arab Emirates,1809358016,Asia
2013,TUN,Tunisia,26097790,Africa
2013,TUR,Türkiye,1314975011,Asia
2013,TKM,Turkmenistan,2920980,Asia
2013,TCA,Turks and Caicos Isds,107,Americas
2013,UGA,Uganda,20167957,Africa
2013,UKR,Ukraine,553685298,Europe
2013,MKD,North Macedonia,230586,Europe
2013,EGY,Egypt,126883547,Africa
2013,GBR,United Kingdom,1081917473,Europe
2013,TZA,United Rep. of Tanzania,51588205,Africa
2013,USA,USA,9081821487,Americas
2013,BFA,Burkina Faso,86505496,Africa
2013,URY,Uruguay,26000123,Americas
2013,UZB,Uzbekistan,24049844,Asia
2013,VEN,Venezuela,620320,Americas
2013,WLF,Wallis and Futuna Isds,1,Oceania
2013,WSM,Samoa,661521,Oceania
2013,YEM,Yemen,3069455,Asia
2013,ZMB,Zambia,16533314,Africa
2014,AFG,Afghanistan,212233,Asia
2014,ALB,Albania,857032,Europe
2014,DZA,Algeria,299723811,Africa
2014,ASM,American Samoa,11883706,Oceania
2014,AND,Andorra,18977215,Europe
2014,AGO,Angola,209281316,Africa
2014,ATG,Antigua and Barbuda,292785,Americas
2014,AZE,Azerbaijan,2421343418,Asia
2014,ARG,Argentina,1465325166,Americas
2014,AUS,Australia,5647502357,Oceania
2014,AUT,Austria,342954982,Europe
2014,BHS,Bahamas,14351,Americas
2014,BHR,Bahrain,161709135,Asia
2014,BGD,Bangladesh,71299782,Asia
2014,ARM,Armenia,402798,Asia
2014,BRB,Barbados,11134,Americas
2014,BEL,Belgium,585486463,Europe
2014,BMU,Bermuda,1030036,Americas
2014,BTN,Bhutan,5,Asia
2014,BOL,Bolivia (Plurinational State of),106516,Americas
2014,BIH,Bosnia Herzegovina,15961714,Europe
2014,BWA,Botswana,3043,Africa
2014,BRA,Brazil,2553533203,Americas
2014,BLZ,Belize,3302938,Americas
2014,IOT,Br. Indian Ocean Terr.,42683,Africa
2014,SLB,Solomon Isds,3649330,Oceania
2014,VGB,Br. Virgin Isds,4843129,Americas
2014,BRN,Brunei Darussalam,594302740,Asia
2014,BGR,Bulgaria,45741431,Europe
2014,MMR,Myanmar,122076991,Asia
2014,BDI,Burundi,45392,Africa
2014,BLR,Belarus,186356931,Europe
2014,KHM,Cambodia,18696935,Asia
2014,CMR,Cameroon,39580737,Africa
2014,CAN,Canada,1860197888,Americas
2014,CPV,Cabo Verde,2823,Africa
2014,CYM,Cayman Isds,9569,Americas
2014,CAF,Central African Rep.,15183804,Africa
2014,LKA,Sri Lanka,45995895,Asia
2014,TCD,Chad,6165223,Africa
2014,CHL,Chile,241506407,Americas
2014,CHN,China,30624380094,Asia
2014,CXR,Christmas Isds,13318913,Oceania
2014,CCK,Cocos Isds,1371,Oceania
2014,COL,Colombia,7151779,Americas
2014,COM,Comoros,6963,Africa
2014,COG,Congo,76014854,Africa
2014,COD,Dem. Rep. of the Congo,3341856,Africa
2014,COK,Cook Isds,292245,Oceania
2014,CRI,Costa Rica,4061240,Americas
2014,HRV,Croatia,10962378,Europe
2014,CUB,Cuba,1906844,Americas
2014,CYP,Cyprus,2569077,Asia
2014,CZE,Czechia,175580407,Europe
2014,BEN,Benin,31098356,Africa
2014,DNK,Denmark,167953592,Europe
2014,DMA,Dominica,245588,Americas
2014,DOM,Dominican Rep.,10491522,Americas
2014,ECU,Ecuador,41860215,Americas
2014,SLV,El Salvador,279700,Americas
2014,GNQ,Equatorial Guinea,6,Africa
2014,ETH,Ethiopia,23719921,Africa
2014,ERI,Eritrea,15677,Africa
2014,EST,Estonia,3123743,Europe
2014,FRO,Faeroe Isds,161736,Europe
2014,SGS,South Georgia and the South Sandwich Islands,982,Americas
2014,FJI,Fiji,3306621,Oceania
2014,FIN,Finland,668427397,Europe
2014,FRA,France,1335157996,Europe
2014,PYF,French Polynesia,378825,Oceania
2014,DJI,Djibouti,263720,Africa
2014,GAB,Gabon,422623,Africa
2014,GEO,Georgia,6578514,Asia
2014,GMB,Gambia,14325,Africa
2014,PSE,State of Palestine,110221,Asia
2014,DEU,Germany,4091178958,Europe
2014,GHA,Ghana,28718163,Africa
2014,GIB,Gibraltar,86,Europe
2014,KIR,Kiribati,3462,Oceania
2014,GRC,Greece,97193879,Europe
2014,GRL,Greenland,350092,Americas
2014,GRD,Grenada,373023,Americas
2014,GUM,Guam,15188,Oceania
2014,GTM,Guatemala,791941,Americas
2014,GIN,Guinea,1286429,Africa
2014,GUY,Guyana,324,Americas
2014,HTI,Haiti,116451,Americas
2014,VAT,Holy See (Vatican City State),100895,Europe
2014,HND,Honduras,1273920,Americas
2014,HKG,"China, Hong Kong SAR",1848444738,Asia
2014,HUN,Hungary,62424122,Europe
2014,ISL,Iceland,1471864,Europe
2014,IDN,Indonesia,177172558,Asia
2014,IRN,Iran,42547826,Asia
2014,IRQ,Iraq,369659,Asia
2014,IRL,Ireland,100937729,Europe
2014,ISR,Israel,13897037,Asia
2014,ITA,Italy,1722908132,Europe
2014,CIV,Côte d'Ivoire,245394854,Africa
2014,JAM,Jamaica,2274582,Americas
2014,JPN,Japan,17007578713,Asia
2014,KAZ,Kazakhstan,28186409,Asia
2014,JOR,Jordan,152549238,Asia
2014,KEN,Kenya,9672293,Africa
2014,PRK,Dem. People's Rep. of Korea,1562197,Asia
2014,KOR,Rep. of Korea,11847411142,Asia
2014,KWT,Kuwait,1461533754,Asia
2014,KGZ,Kyrgyzstan,688935,Asia
2014,LAO,Lao People's Dem. Rep.,51258138,Asia
2014,LBN,Lebanon,3729167,Asia
2014,LSO,Lesotho,963218,Africa
2014,LVA,Latvia,1789172,Europe
2014,LBR,Liberia,110491,Africa
2014,LBY,Libya,58307222,Africa
2014,LTU,Lithuania,8697147,Europe
2014,LUX,Luxembourg,6312942,Europe
2014,MAC,"China, Macao SAR",8067193,Asia
2014,MDG,Madagascar,8718632,Africa
2014,MWI,Malawi,6195404,Africa
2014,MYS,Malaysia,10855394373,Asia
2014,MDV,Maldives,185,Asia
2014,MLI,Mali,56607299,Africa
2014,MLT,Malta,1750265,Europe
2014,MRT,Mauritania,978669,Africa
2014,MUS,Mauritius,4184161,Africa
2014,MEX,Mexico,187461952,Americas
2014,MNG,Mongolia,19223187,Asia
2014,MDA,Rep. of Moldova,15781416,Europe
2014,MNE,Montenegro,1665,Europe
2014,MSR,Montserrat,3667,Americas
2014,MAR,Morocco,140265564,Africa
2014,MOZ,Mozambique,26713655,Africa
2014,OMN,Oman,193649193,Asia
2014,NAM,Namibia,950227,Africa
2014,NRU,Nauru,72929,Oceania
2014,NPL,Nepal,75124,Asia
2014,NLD,Netherlands,908269130,Europe
2014,CUW,Curaçao,673611,Americas
2014,ABW,Aruba,565,Americas
2014,NCL,New Caledonia,624697,Oceania
2014,VUT,Vanuatu,124834,Oceania
2014,NZL,New Zealand,836036690,Oceania
2014,NIC,Nicaragua,155336,Americas
2014,NER,Niger,174947,Africa
2014,NGA,Nigeria,3306300704,Africa
2014,NIU,Niue,3977,Oceania
2014,NFK,Norfolk Isds,164521,Oceania
2014,NOR,Norway,212955183,Europe
2014,UMI,United States Minor Outlying Islands,146,Oceania
2014,FSM,FS Micronesia,5986,Oceania
2014,MHL,Marshall Isds,2961122,Oceania
2014,PAK,Pakistan,159389633,Asia
2014,PAN,Panama,39489379,Americas
2014,PNG,Papua New Guinea,47560728,Oceania
2014,PRY,Paraguay,56223999,Americas
2014,PER,Peru,66786467,Americas
2014,PHL,Philippines,699736566,Asia
2014,POL,Poland,143765457,Europe
2014,PRT,Portugal,57351759,Europe
2014,GNB,Guinea-Bissau,62550,Africa
2014,TLS,Timor-Leste,244004,Asia
2014,QAT,Qatar,1626808465,Asia
2014,ROU,Romania,36786476,Europe
2014,RUS,Russian Federation,1589806150,Europe
2014,RWA,Rwanda,1346,Africa
2014,SHN,Saint Helena,21536,Africa
2014,AIA,Anguilla,4025858,Americas
2014,LCA,Saint Lucia,8165,Americas
2014,STP,Sao Tome and Principe,20342,Africa
2014,SAU,Saudi Arabia,6516224008,Asia
2014,SEN,Senegal,4183120,Africa
2014,SRB,Serbia,7434576,Europe
2014,SYC,Seychelles,2646252,Africa
2014,SLE,Sierra Leone,314912,Africa
2014,IND,India,3952081220,Asia
2014,SGP,Singapore,25186115317,Asia
2014,SVK,Slovakia,12481766,Europe
2014,VNM,Viet Nam,3417776777,Asia
2014,SVN,Slovenia,12286035,Europe
2014,SOM,Somalia,76680,Africa
2014,ZAF,South Africa,498496190,Africa
2014,ZWE,Zimbabwe,28648620,Africa
2014,ESP,Spain,517093069,Europe
2014,SDN,Sudan,743284,Africa
2014,ESH,Western Sahara,2640,Africa
2014,SUR,Suriname,788,Americas
2014,SWZ,Eswatini,2280810,Africa
2014,SWE,Sweden,691053310,Europe
2014,CHE,Switzerland,628225459,Europe
2014,SYR,Syria,1333042,Asia
2014,TJK,Tajikistan,6902,Asia
2014,THA,Thailand,9781053021,Asia
2014,TGO,Togo,10153255,Africa
2014,TKL,Tokelau,34981,Oceania
2014,TON,Tonga,3001,Oceania
2014,TTO,Trinidad and Tobago,1259616,Americas
2014,ARE,United Arab Emirates,1754332424,Asia
2014,TUN,Tunisia,21696300,Africa
2014,TUR,Türkiye,1069207656,Asia
2014,TKM,Turkmenistan,288705,Asia
2014,TUV,Tuvalu,1878,Oceania
2014,UGA,Uganda,10735987,Africa
2014,UKR,Ukraine,298808275,Europe
2014,MKD,North Macedonia,9149733,Europe
2014,EGY,Egypt,145933884,Africa
2014,GBR,United Kingdom,894760653,Europe
2014,TZA,United Rep. of Tanzania,19657819,Africa
2014,USA,USA,8188541791,Americas
2014,BFA,Burkina Faso,65680442,Africa
2014,URY,Uruguay,38144624,Americas
2014,UZB,Uzbekistan,4789861,Asia
2014,VEN,Venezuela,344413,Americas
2014,WSM,Samoa,2160170,Oceania
2014,YEM,Yemen,1883648,Asia
2014,ZMB,Zambia,11860230,Africa
2015,AFG,Afghanistan,248283,Asia
2015,ALB,Albania,180730,Europe
2015,DZA,Algeria,282771489,Africa
2015,ASM,American Samoa,4730485,Oceania
2015,AND,Andorra,50098,Europe
2015,AGO,Angola,640309000,Africa
2015,ATG,Antigua and Barbuda,34333,Americas
2015,AZE,Azerbaijan,1284083821,Asia
2015,ARG,Argentina,1298349716,Americas
2015,AUS,Australia,4815794517,Oceania
2015,AUT,Austria,316176425,Europe
2015,BHS,Bahamas,97814,Americas
2015,BHR,Bahrain,23442979,Asia
2015,BGD,Bangladesh,59470951,Asia
2015,ARM,Armenia,15495,Asia
2015,BRB,Barbados,25162,Americas
2015,BEL,Belgium,559364252,Europe
2015,BMU,Bermuda,1475148,Americas
2015,BTN,Bhutan,10196,Asia
2015,BOL,Bolivia (Plurinational State of),292644,Americas
2015,BIH,Bosnia Herzegovina,316871,Europe
2015,BWA,Botswana,296,Africa
2015,BRA,Brazil,2425426649,Americas
2015,BLZ,Belize,2329166,Americas
2015,SLB,Solomon Isds,4310218,Oceania
2015,VGB,Br. Virgin Isds,17311400,Americas
2015,BRN,Brunei Darussalam,131437232,Asia
2015,BGR,Bulgaria,54518078,Europe
2015,MMR,Myanmar,160418362,Asia
2015,BDI,Burundi,508,Africa
2015,BLR,Belarus,210918949,Europe
2015,KHM,Cambodia,21127812,Asia
2015,CMR,Cameroon,26509841,Africa
2015,CAN,Canada,1609251588,Americas
2015,CPV,Cabo Verde,2969230,Africa
2015,CYM,Cayman Isds,51597,Americas
2015,CAF,Central African Rep.,6284320,Africa
2015,LKA,Sri Lanka,41281724,Asia
2015,TCD,Chad,367908,Africa
2015,CHL,Chile,173847935,Americas
2015,CHN,China,29411071328,Asia
2015,CXR,Christmas Isds,6937124,Oceania
2015,CCK,Cocos Isds,3293558,Oceania
2015,COL,Colombia,6046188,Americas
2015,COM,Comoros,60,Africa
2015,COG,Congo,126403102,Africa
2015,COD,Dem. Rep. of the Congo,236197696,Africa
2015,COK,Cook Isds,11979,Oceania
2015,CRI,Costa Rica,2893783,Americas
2015,HRV,Croatia,17780791,Europe
2015,CUB,Cuba,1973191,Americas
2015,CYP,Cyprus,3048995,Asia
2015,CZE,Czechia,145392559,Europe
2015,BEN,Benin,32592820,Africa
2015,DNK,Denmark,201302936,Europe
2015,DMA,Dominica,171600,Americas
2015,DOM,Dominican Rep.,3683005,Americas
2015,ECU,Ecuador,22672929,Americas
2015,SLV,El Salvador,1726335,Americas
2015,GNQ,Equatorial Guinea,68503912,Africa
2015,ETH,Ethiopia,10962784,Africa
2015,ERI,Eritrea,1905,Africa
2015,EST,Estonia,3549324,Europe
2015,FRO,Faeroe Isds,115243,Europe
2015,SGS,South Georgia and the South Sandwich Islands,1108,Americas
2015,FJI,Fiji,718724,Oceania
2015,FIN,Finland,534092089,Europe
2015,FRA,France,1337703194,Europe
2015,PYF,French Polynesia,209557,Oceania
2015,GAB,Gabon,296326,Africa
2015,GEO,Georgia,6302545,Asia
2015,GMB,Gambia,5334,Africa
2015,PSE,State of Palestine,11840,Asia
2015,DEU,Germany,3471690503,Europe
2015,GHA,Ghana,22372242,Africa
2015,GIB,Gibraltar,6227,Europe
2015,KIR,Kiribati,4400,Oceania
2015,GRC,Greece,76426369,Europe
2015,GRL,Greenland,281049,Americas
2015,GUM,Guam,21666,Oceania
2015,GTM,Guatemala,18831377,Americas
2015,GIN,Guinea,289049,Africa
2015,GUY,Guyana,194,Americas
2015,HTI,Haiti,288535,Americas
2015,VAT,Holy See (Vatican City State),10,Europe
2015,HND,Honduras,1345593,Americas
2015,HKG,"China, Hong Kong SAR",1817366992,Asia
2015,HUN,Hungary,62246591,Europe
2015,ISL,Iceland,517930,Europe
2015,IDN,Indonesia,117768130,Asia
2015,IRN,Iran,56588573,Asia
2015,IRQ,Iraq,243033,Asia
2015,IRL,Ireland,103340627,Europe
2015,ISR,Israel,77725325,Asia
2015,ITA,Italy,1368233793,Europe
2015,CIV,Côte d'Ivoire,122056084,Africa
2015,JAM,Jamaica,788793,Americas
2015,JPN,Japan,13263523220,Asia
2015,KAZ,Kazakhstan,13768652,Asia
2015,JOR,Jordan,160782400,Asia
2015,KEN,Kenya,12317151,Africa
2015,PRK,Dem. People's Rep. of Korea,2603176,Asia
2015,KOR,Rep. of Korea,8427205940,Asia
2015,KWT,Kuwait,738682907,Asia
2015,KGZ,Kyrgyzstan,784940,Asia
2015,LAO,Lao People's Dem. Rep.,809796,Asia
2015,LBN,Lebanon,3703495,Asia
2015,LSO,Lesotho,114536,Africa
2015,LVA,Latvia,4896995,Europe
2015,LBR,Liberia,15030103,Africa
2015,LBY,Libya,110141,Africa
2015,LTU,Lithuania,9564318,Europe
2015,LUX,Luxembourg,15852539,Europe
2015,MAC,"China, Macao SAR",9166603,Asia
2015,MDG,Madagascar,6826469,Africa
2015,MWI,Malawi,5213568,Africa
2015,MYS,Malaysia,8530667553,Asia
2015,MLI,Mali,43755262,Africa
2015,MLT,Malta,979535,Europe
2015,MRT,Mauritania,1637362,Africa
2015,MUS,Mauritius,1832618,Africa
2015,MEX,Mexico,197558524,Americas
2015,MNG,Mongolia,838684,Asia
2015,MDA,Rep. of Moldova,18971797,Europe
2015,MNE,Montenegro,167774,Europe
2015,MAR,Morocco,126934523,Africa
2015,MOZ,Mozambique,16453235,Africa
2015,OMN,Oman,144191243,Asia
2015,NAM,Namibia,7494933,Africa
2015,NRU,Nauru,30005,Oceania
2015,NPL,Nepal,41314,Asia
2015,NLD,Netherlands,785230635,Europe
2015,CUW,Curaçao,2455343,Americas
2015,NCL,New Caledonia,354265,Oceania
2015,VUT,Vanuatu,84614,Oceania
2015,NZL,New Zealand,637009821,Oceania
2015,NIC,Nicaragua,188853,Americas
2015,NER,Niger,12552,Africa
2015,NGA,Nigeria,1288155838,Africa
2015,NFK,Norfolk Isds,32000,Oceania
2015,NOR,Norway,226250922,Europe
2015,FSM,FS Micronesia,1713140,Oceania
2015,MHL,Marshall Isds,2193628,Oceania
2015,PAK,Pakistan,174512383,Asia
2015,PAN,Panama,44623591,Americas
2015,PNG,Papua New Guinea,19639578,Oceania
2015,PRY,Paraguay,10557479,Americas
2015,PER,Peru,52723286,Americas
2015,PHL,Philippines,683083232,Asia
2015,POL,Poland,150373922,Europe
2015,PRT,Portugal,44349101,Europe
2015,TLS,Timor-Leste,525260,Asia
2015,QAT,Qatar,731809868,Asia
2015,ROU,Romania,25069535,Europe
2015,RUS,Russian Federation,992640440,Europe
2015,RWA,Rwanda,13143,Africa
2015,SHN,Saint Helena,321938,Africa
2015,AIA,Anguilla,1324552,Americas
2015,LCA,Saint Lucia,83870,Americas
2015,VCT,Saint Vincent and the Grenadines,888629,Americas
2015,SMR,San Marino,8673,Europe
2015,STP,Sao Tome and Principe,14887,Africa
2015,SAU,Saudi Arabia,3421631533,Asia
2015,SEN,Senegal,1731187,Africa
2015,SRB,Serbia,9119893,Europe
2015,SYC,Seychelles,5590559,Africa
2015,SLE,Sierra Leone,233371,Africa
2015,IND,India,2741418281,Asia
2015,SGP,Singapore,18022558666,Asia
2015,SVK,Slovakia,14780709,Europe
2015,VNM,Viet Nam,3161530523,Asia
2015,SVN,Slovenia,12790545,Europe
2015,SOM,Somalia,175254,Africa
2015,ZAF,South Africa,231940029,Africa
2015,ZWE,Zimbabwe,25331655,Africa
2015,ESP,Spain,472547243,Europe
2015,SDN,Sudan,344152,Africa
2015,SUR,Suriname,1739,Americas
2015,SWZ,Eswatini,1018763,Africa
2015,SWE,Sweden,691165985,Europe
2015,CHE,Switzerland,634401700,Europe
2015,SYR,Syria,1608549,Asia
2015,TJK,Tajikistan,2375,Asia
2015,THA,Thailand,8083368324,Asia
2015,TGO,Togo,16152039,Africa
2015,TKL,Tokelau,17037,Oceania
2015,TON,Tonga,4249,Oceania
2015,TTO,Trinidad and Tobago,473851,Americas
2015,ARE,United Arab Emirates,1356098749,Asia
2015,TUN,Tunisia,21206262,Africa
2015,TUR,Türkiye,249821102,Asia
2015,TKM,Turkmenistan,8368849,Asia
2015,TCA,Turks and Caicos Isds,2436,Americas
2015,TUV,Tuvalu,8674,Oceania
2015,UGA,Uganda,10223218,Africa
2015,UKR,Ukraine,198448442,Europe
2015,MKD,North Macedonia,4697881,Europe
2015,EGY,Egypt,243252019,Africa
2015,GBR,United Kingdom,818897400,Europe
2015,TZA,United Rep. of Tanzania,21451366,Africa
2015,USA,USA,7616760788,Americas
2015,BFA,Burkina Faso,48966245,Africa
2015,URY,Uruguay,17056127,Americas
2015,UZB,Uzbekistan,7256031,Asia
2015,VEN,Venezuela,439105,Americas
2015,WSM,Samoa,1547412,Oceania
2015,YEM,Yemen,573182,Asia
2015,ZMB,Zambia,9226887,Africa
2016,AFG,Afghanistan,31061,Asia
2016,ALB,Albania,218085,Europe
2016,DZA,Algeria,382214405,Africa
2016,ASM,American Samoa,2112889,Oceania
2016,AND,Andorra,4134,Europe
2016,AGO,Angola,235159764,Africa
2016,ATG,Antigua and Barbuda,62862,Americas
2016,AZE,Azerbaijan,483052826,Asia
2016,ARG,Argentina,1373635778,Americas
2016,AUS,Australia,5260854764,Oceania
2016,AUT,Austria,358605771,Europe
2016,BHS,Bahamas,5762,Americas
2016,BHR,Bahrain,61342833,Asia
2016,BGD,Bangladesh,68404276,Asia
2016,ARM,Armenia,7371,Asia
2016,BRB,Barbados,142596,Americas
2016,BEL,Belgium,491083864,Europe
2016,BMU,Bermuda,1767053,Americas
2016,BTN,Bhutan,3068,Asia
2016,BOL,Bolivia (Plurinational State of),300474,Americas
2016,BIH,Bosnia Herzegovina,436948,Europe
2016,BWA,Botswana,235,Africa
2016,BRA,Brazil,2402379953,Americas
2016,BLZ,Belize,2490768,Americas
2016,SLB,Solomon Isds,796689,Oceania
2016,VGB,Br. Virgin Isds,5799771,Americas
2016,BRN,Brunei Darussalam,87726738,Asia
2016,BGR,Bulgaria,75273047,Europe
2016,MMR,Myanmar,113339640,Asia
2016,BLR,Belarus,163661531,Europe
2016,KHM,Cambodia,25317829,Asia
2016,CMR,Cameroon,65393861,Africa
2016,CAN,Canada,1383029909,Americas
2016,CPV,Cabo Verde,19100,Africa
2016,CYM,Cayman Isds,23185,Americas
2016,CAF,Central African Rep.,4059255,Africa
2016,LKA,Sri Lanka,44303205,Asia
2016,TCD,Chad,2164485,Africa
2016,CHL,Chile,83339009,Americas
2016,CHN,China,30800448755,Asia
2016,CXR,Christmas Isds,3342750,Oceania
2016,CCK,Cocos Isds,4253,Oceania
2016,COL,Colombia,8214307,Americas
2016,COM,Comoros,1702639,Africa
2016,COG,Congo,154076554,Africa
2016,COD,Dem. Rep. of the Congo,32113243,Africa
2016,COK,Cook Isds,477913,Oceania
2016,CRI,Costa Rica,5671011,Americas
2016,HRV,Croatia,13789544,Europe
2016,CUB,Cuba,1786413,Americas
2016,CYP,Cyprus,12071366,Asia
2016,CZE,Czechia,158917492,Europe
2016,BEN,Benin,18750018,Africa
2016,DNK,Denmark,156627509,Europe
2016,DMA,Dominica,954900,Americas
2016,DOM,Dominican Rep.,10382390,Americas
2016,ECU,Ecuador,48275335,Americas
2016,SLV,El Salvador,24568311,Americas
2016,GNQ,Equatorial Guinea,87192272,Africa
2016,ETH,Ethiopia,23669429,Africa
2016,ERI,Eritrea,924,Africa
2016,EST,Estonia,7499818,Europe
2016,FRO,Faeroe Isds,166260,Europe
2016,FJI,Fiji,1238742,Oceania
2016,FIN,Finland,338589746,Europe
2016,FRA,France,1362378124,Europe
2016,PYF,French Polynesia,347868,Oceania
2016,DJI,Djibouti,148525,Africa
2016,GAB,Gabon,88197093,Africa
2016,GEO,Georgia,270334,Asia
2016,GMB,Gambia,472,Africa
2016,PSE,State of Palestine,283970,Asia
2016,DEU,Germany,3159486086,Europe
2016,GHA,Ghana,7549225,Africa
2016,KIR,Kiribati,45367,Oceania
2016,GRC,Greece,68753166,Europe
2016,GRL,Greenland,240962,Americas
2016,GRD,Grenada,750,Americas
2016,GUM,Guam,492,Oceania
2016,GTM,Guatemala,19447731,Americas
2016,GIN,Guinea,887155,Africa
2016,GUY,Guyana,289648,Americas
2016,HTI,Haiti,164409,Americas
2016,HND,Honduras,13468377,Americas
2016,HKG,"China, Hong Kong SAR",1773783713,Asia
2016,HUN,Hungary,61454287,Europe
2016,ISL,Iceland,1230568,Europe
2016,IDN,Indonesia,120311296,Asia
2016,IRN,Iran,103405066,Asia
2016,IRQ,Iraq,104513,Asia
2016,IRL,Ireland,110315954,Europe
2016,ISR,Israel,109939524,Asia
2016,ITA,Italy,1387204505,Europe
2016,CIV,Côte d'Ivoire,52607376,Africa
2016,JAM,Jamaica,456236,Americas
2016,JPN,Japan,12984774124,Asia
2016,KAZ,Kazakhstan,14946514,Asia
2016,JOR,Jordan,165841386,Asia
2016,KEN,Kenya,10019984,Africa
2016,PRK,Dem. People's Rep. of Korea,1391559,Asia
2016,KOR,Rep. of Korea,6674577343,Asia
2016,KWT,Kuwait,293118912,Asia
2016,KGZ,Kyrgyzstan,425448,Asia
2016,LAO,Lao People's Dem. Rep.,4197059,Asia
2016,LBN,Lebanon,1683785,Asia
2016,LSO,Lesotho,151849,Africa
2016,LVA,Latvia,19778191,Europe
2016,LBR,Liberia,4441176,Africa
2016,LBY,Libya,43244751,Africa
2016,LTU,Lithuania,13384606,Europe
2016,LUX,Luxembourg,38770016,Europe
2016,MAC,"China, Macao SAR",13840774,Asia
2016,MDG,Madagascar,54821851,Africa
2016,MWI,Malawi,7775225,Africa
2016,MYS,Malaysia,7200943798,Asia
2016,MDV,Maldives,114692,Asia
2016,MLI,Mali,26752847,Africa
2016,MLT,Malta,29214624,Europe
2016,MRT,Mauritania,530681,Africa
2016,MUS,Mauritius,991163,Africa
2016,MEX,Mexico,176954296,Americas
2016,MNG,Mongolia,11779068,Asia
2016,MDA,Rep. of Moldova,13839232,Europe
2016,MNE,Montenegro,17483,Europe
2016,MSR,Montserrat,3061,Americas
2016,MAR,Morocco,62334039,Africa
2016,MOZ,Mozambique,9405200,Africa
2016,OMN,Oman,61386761,Asia
2016,NAM,Namibia,3333620,Africa
2016,NRU,Nauru,11690,Oceania
2016,NPL,Nepal,80230,Asia
2016,NLD,Netherlands,723615622,Europe
2016,CUW,Curaçao,2014850,Americas
2016,ABW,Aruba,250,Americas
2016,NCL,New Caledonia,174494,Oceania
2016,VUT,Vanuatu,590,Oceania
2016,NZL,New Zealand,660904202,Oceania
2016,NIC,Nicaragua,3802086,Americas
2016,NER,Niger,19312,Africa
2016,NGA,Nigeria,1287967205,Africa
2016,NIU,Niue,1208,Oceania
2016,NFK,Norfolk Isds,164190,Oceania
2016,NOR,Norway,333698620,Europe
2016,MNP,N. Mariana Isds,582973,Oceania
2016,UMI,United States Minor Outlying Islands,591,Oceania
2016,FSM,FS Micronesia,9768630,Oceania
2016,MHL,Marshall Isds,15871187,Oceania
2016,PLW,Palau,271,Oceania
2016,PAK,Pakistan,157255828,Asia
2016,PAN,Panama,52309306,Americas
2016,PNG,Papua New Guinea,28788138,Oceania
2016,PRY,Paraguay,62914885,Americas
2016,PER,Peru,59302713,Americas
2016,PHL,Philippines,821806229,Asia
2016,PCN,Pitcairn,2321,Oceania
2016,POL,Poland,143091397,Europe
2016,PRT,Portugal,35120895,Europe
2016,TLS,Timor-Leste,1496886,Asia
2016,QAT,Qatar,857449378,Asia
2016,ROU,Romania,42075851,Europe
2016,RUS,Russian Federation,850613451,Europe
2016,RWA,Rwanda,53906,Africa
2016,SHN,Saint Helena,16791,Africa
2016,AIA,Anguilla,78692,Americas
2016,LCA,Saint Lucia,54459,Americas
2016,VCT,Saint Vincent and the Grenadines,296502,Americas
2016,SMR,San Marino,78253,Europe
2016,STP,Sao Tome and Principe,174311,Africa
2016,SAU,Saudi Arabia,2725032569,Asia
2016,SEN,Senegal,9271855,Africa
2016,SRB,Serbia,25298245,Europe
2016,SYC,Seychelles,7109950,Africa
2016,SLE,Sierra Leone,412891,Africa
2016,IND,India,2872736721,Asia
2016,SGP,Singapore,14548298535,Asia
2016,SVK,Slovakia,17885939,Europe
2016,VNM,Viet Nam,3228402149,Asia
2016,SVN,Slovenia,13516521,Europe
2016,ZAF,South Africa,290806599,Africa
2016,ZWE,Zimbabwe,32206100,Africa
2016,ESP,Spain,484060870,Europe
2016,SDN,Sudan,1665986,Africa
2016,SWZ,Eswatini,1138735,Africa
2016,SWE,Sweden,526178474,Europe
2016,CHE,Switzerland,723751196,Europe
2016,SYR,Syria,1401950,Asia
2016,TJK,Tajikistan,5683,Asia
2016,THA,Thailand,8666933266,Asia
2016,TGO,Togo,10221124,Africa
2016,TKL,Tokelau,26308,Oceania
2016,TON,Tonga,9,Oceania
2016,TTO,Trinidad and Tobago,2851311,Americas
2016,ARE,United Arab Emirates,1316222642,Asia
2016,TUN,Tunisia,22752291,Africa
2016,TUR,Türkiye,311154336,Asia
2016,TKM,Turkmenistan,2231982,Asia
2016,TCA,Turks and Caicos Isds,343,Americas
2016,UGA,Uganda,15727351,Africa
2016,UKR,Ukraine,562308424,Europe
2016,MKD,North Macedonia,1467446,Europe
2016,EGY,Egypt,352143528,Africa
2016,GBR,United Kingdom,893836776,Europe
2016,TZA,United Rep. of Tanzania,68895591,Africa
2016,USA,USA,7319183742,Americas
2016,BFA,Burkina Faso,28085320,Africa
2016,URY,Uruguay,25087803,Americas
2016,UZB,Uzbekistan,7310716,Asia
2016,VEN,Venezuela,265139,Americas
2016,WSM,Samoa,1090119,Oceania
2016,YEM,Yemen,1038801,Asia
2016,ZMB,Zambia,16595085,Africa
2017,AFG,Afghanistan,28699,Asia
2017,ALB,Albania,146376,Europe
2017,DZA,Algeria,312834280,Africa
2017,ASM,American Samoa,6438331,Oceania
2017,AND,Andorra,32738,Europe
2017,AGO,Angola,374616057,Africa
2017,ATG,Antigua and Barbuda,19896,Americas
2017,AZE,Azerbaijan,408383146,Asia
2017,ARG,Argentina,1157669931,Americas
2017,AUS,Australia,6008949217,Oceania
2017,AUT,Austria,341991164,Europe
2017,BHS,Bahamas,9707,Americas
2017,BHR,Bahrain,158959804,Asia
2017,BGD,Bangladesh,73140347,Asia
2017,ARM,Armenia,111941,Asia
2017,BRB,Barbados,198837,Americas
2017,BEL,Belgium,637547474,Europe
2017,BMU,Bermuda,24599,Americas
2017,BTN,Bhutan,1163,Asia
2017,BOL,Bolivia (Plurinational State of),269957,Americas
2017,BIH,Bosnia Herzegovina,2663953,Europe
2017,BWA,Botswana,46,Africa
2017,BRA,Brazil,1958381184,Americas
2017,BLZ,Belize,3606053,Americas
2017,IOT,Br. Indian Ocean Terr.,5045,Africa
2017,SLB,Solomon Isds,555571,Oceania
2017,VGB,Br. Virgin Isds,6050856,Americas
2017,BRN,Brunei Darussalam,42518982,Asia
2017,BGR,Bulgaria,57000316,Europe
2017,MMR,Myanmar,145723021,Asia
2017,BDI,Burundi,119,Africa
2017,BLR,Belarus,201788113,Europe
2017,KHM,Cambodia,28327220,Asia
2017,CMR,Cameroon,83115647,Africa
2017,CAN,Canada,1553625816,Americas
2017,CPV,Cabo Verde,55541,Africa
2017,CYM,Cayman Isds,3987,Americas
2017,CAF,Central African Rep.,2275223,Africa
2017,LKA,Sri Lanka,49142545,Asia
2017,TCD,Chad,3162778,Africa
2017,CHL,Chile,119896093,Americas
2017,CHN,China,35766807500,Asia
2017,CXR,Christmas Isds,582195,Oceania
2017,CCK,Cocos Isds,59576,Oceania
2017,COL,Colombia,16112108,Americas
2017,COM,Comoros,9619831,Africa
2017,COG,Congo,3863030,Africa
2017,COD,Dem. Rep. of the Congo,208130140,Africa
2017,COK,Cook Isds,531087,Oceania
2017,CRI,Costa Rica,17638587,Americas
2017,HRV,Croatia,21109154,Europe
2017,CUB,Cuba,60869840,Americas
2017,CYP,Cyprus,4735313,Asia
2017,CZE,Czechia,164618582,Europe
2017,BEN,Benin,12229873,Africa
2017,DNK,Denmark,167515929,Europe
2017,DMA,Dominica,13847118,Americas
2017,DOM,Dominican Rep.,11175738,Americas
2017,ECU,Ecuador,90872222,Americas
2017,SLV,El Salvador,40311912,Americas
2017,GNQ,Equatorial Guinea,582,Africa
2017,ETH,Ethiopia,29781376,Africa
2017,ERI,Eritrea,349,Africa
2017,EST,Estonia,9063113,Europe
2017,FLK,Falkland Isds (Malvinas),44597,Americas
2017,SGS,South Georgia and the South Sandwich Islands,4006,Americas
2017,FJI,Fiji,611860,Oceania
2017,FIN,Finland,609536347,Europe
2017,FRA,France,1587507847,Europe
2017,PYF,French Polynesia,99444,Oceania
2017,ATF,Fr. South Antarctic Terr.,10127,Africa
2017,DJI,Djibouti,188323,Africa
2017,GAB,Gabon,301481153,Africa
2017,GEO,Georgia,955182,Asia
2017,GMB,Gambia,5993,Africa
2017,PSE,State of Palestine,341030,Asia
2017,DEU,Germany,3538066755,Europe
2017,GHA,Ghana,13183544,Africa
2017,KIR,Kiribati,179,Oceania
2017,GRC,Greece,99448656,Europe
2017,GRL,Greenland,2384,Americas
2017,GRD,Grenada,2662,Americas
2017,GUM,Guam,26148,Oceania
2017,GTM,Guatemala,46283838,Americas
2017,GIN,Guinea,893355,Africa
2017,GUY,Guyana,3495,Americas
2017,HTI,Haiti,189526,Americas
2017,HMD,Heard Island and McDonald Islands,1013325,Oceania
2017,VAT,Holy See (Vatican City State),5069,Europe
2017,HND,Honduras,2495506,Americas
2017,HKG,"China, Hong Kong SAR",1837817788,Asia
2017,HUN,Hungary,68368341,Europe
2017,ISL,Iceland,1396643,Europe
2017,IDN,Indonesia,18140680,Asia
2017,IRN,Iran,360281066,Asia
2017,IRQ,Iraq,246610,Asia
2017,IRL,Ireland,124569042,Europe
2017,ISR,Israel,106959352,Asia
2017,ITA,Italy,1570287479,Europe
2017,CIV,Côte d'Ivoire,148935744,Africa
2017,JAM,Jamaica,3051400,Americas
2017,JPN,Japan,15240036557,Asia
2017,KAZ,Kazakhstan,37620913,Asia
2017,JOR,Jordan,188563537,Asia
2017,KEN,Kenya,13329926,Africa
2017,PRK,Dem. People's Rep. of Korea,1997192,Asia
2017,KOR,Rep. of Korea,8122335641,Asia
2017,KWT,Kuwait,319991609,Asia
2017,KGZ,Kyrgyzstan,240493,Asia
2017,LAO,Lao People's Dem. Rep.,11891215,Asia
2017,LBN,Lebanon,2274574,Asia
2017,LSO,Lesotho,177576,Africa
2017,LVA,Latvia,9803044,Europe
2017,LBR,Liberia,62614381,Africa
2017,LBY,Libya,103981676,Africa
2017,LTU,Lithuania,34428324,Europe
2017,LUX,Luxembourg,17724300,Europe
2017,MAC,"China, Macao SAR",11745344,Asia
2017,MDG,Madagascar,105231624,Africa
2017,MWI,Malawi,12385454,Africa
2017,MYS,Malaysia,8858197446,Asia
2017,MDV,Maldives,1499,Asia
2017,MLI,Mali,26877647,Africa
2017,MLT,Malta,6041199,Europe
2017,MRT,Mauritania,2620094,Africa
2017,MUS,Mauritius,7853667,Africa
2017,MEX,Mexico,219553059,Americas
2017,MNG,Mongolia,9535379,Asia
2017,MDA,Rep. of Moldova,13546615,Europe
2017,MNE,Montenegro,1113015,Europe
2017,MSR,Montserrat,13209,Americas
2017,MAR,Morocco,68814720,Africa
2017,MOZ,Mozambique,28070052,Africa
2017,OMN,Oman,260196969,Asia
2017,NAM,Namibia,2006419,Africa
2017,NRU,Nauru,93515,Oceania
2017,NPL,Nepal,224207,Asia
2017,NLD,Netherlands,1026454088,Europe
2017,CUW,Curaçao,500342,Americas
2017,ABW,Aruba,2945,Americas
2017,SXM,Sint Maarten,100,Americas
2017,NCL,New Caledonia,451083,Oceania
2017,VUT,Vanuatu,8044,Oceania
2017,NZL,New Zealand,751181754,Oceania
2017,NIC,Nicaragua,296332,Americas
2017,NER,Niger,734739,Africa
2017,NGA,Nigeria,1289148632,Africa
2017,NIU,Niue,52566811,Oceania
2017,NFK,Norfolk Isds,250000,Oceania
2017,NOR,Norway,287700950,Europe
2017,FSM,FS Micronesia,1274341,Oceania
2017,MHL,Marshall Isds,60771795,Oceania
2017,PLW,Palau,1322,Oceania
2017,PAK,Pakistan,241096121,Asia
2017,PAN,Panama,26769903,Americas
2017,PNG,Papua New Guinea,27080911,Oceania
2017,PRY,Paraguay,36649369,Americas
2017,PER,Peru,63200336,Americas
2017,PHL,Philippines,859298194,Asia
2017,PCN,Pitcairn,4317,Oceania
2017,POL,Poland,140670797,Europe
2017,PRT,Portugal,46896329,Europe
2017,TLS,Timor-Leste,1847452,Asia
2017,QAT,Qatar,841674857,Asia
2017,ROU,Romania,47026315,Europe
2017,RUS,Russian Federation,1302714423,Europe
2017,RWA,Rwanda,21216,Africa
2017,BLM,Saint Barthélemy,110202,Americas
2017,SHN,Saint Helena,98626,Africa
2017,KNA,Saint Kitts and Nevis,1175,Americas
2017,AIA,Anguilla,149187,Americas
2017,LCA,Saint Lucia,16232,Americas
2017,VCT,Saint Vincent and the Grenadines,3322020,Americas
2017,SMR,San Marino,172643,Europe
2017,STP,Sao Tome and Principe,318328,Africa
2017,SAU,Saudi Arabia,3167022124,Asia
2017,SEN,Senegal,3540232,Africa
2017,SRB,Serbia,16708997,Europe
2017,SYC,Seychelles,3182430,Africa
2017,SLE,Sierra Leone,113829,Africa
2017,IND,India,4048500734,Asia
2017,SGP,Singapore,16888495760,Asia
2017,SVK,Slovakia,26624543,Europe
2017,VNM,Viet Nam,3228760343,Asia
2017,SVN,Slovenia,13338492,Europe
2017,ZAF,South Africa,491501682,Africa
2017,ZWE,Zimbabwe,36238099,Africa
2017,ESP,Spain,496055939,Europe
2017,SSD,South Sudan,54409,Africa
2017,SDN,Sudan,48432879,Africa
2017,ESH,Western Sahara,170,Africa
2017,SUR,Suriname,25082,Americas
2017,SWZ,Eswatini,2645085,Africa
2017,SWE,Sweden,594670354,Europe
2017,CHE,Switzerland,809740837,Europe
2017,SYR,Syria,9487,Asia
2017,TJK,Tajikistan,7231,Asia
2017,THA,Thailand,9281606247,Asia
2017,TGO,Togo,10048402,Africa
2017,TKL,Tokelau,53952044,Oceania
2017,TON,Tonga,1760,Oceania
2017,TTO,Trinidad and Tobago,11258,Americas
2017,ARE,United Arab Emirates,2080212059,Asia
2017,TUN,Tunisia,32771943,Africa
2017,TUR,Türkiye,534065729,Asia
2017,TKM,Turkmenistan,935853,Asia
2017,TCA,Turks and Caicos Isds,444,Americas
2017,UGA,Uganda,23472324,Africa
2017,UKR,Ukraine,539080940,Europe
2017,MKD,North Macedonia,5168855,Europe
2017,EGY,Egypt,252354006,Africa
2017,GBR,United Kingdom,1049985578,Europe
2017,TZA,United Rep. of Tanzania,26006579,Africa
2017,USA,USA,8150185485,Americas
2017,BFA,Burkina Faso,16056198,Africa
2017,URY,Uruguay,13263218,Americas
2017,UZB,Uzbekistan,28726569,Asia
2017,VEN,Venezuela,2488170,Americas
2017,WSM,Samoa,993890,Oceania
2017,YEM,Yemen,1899658,Asia
2017,ZMB,Zambia,7506588,Africa
2018,AFG,Afghanistan,489994,Asia
2018,ALB,Albania,310857,Europe
2018,DZA,Algeria,372027503,Africa
2018,ASM,American Samoa,35953955,Oceania
2018,AND,Andorra,40189,Europe
2018,AGO,Angola,699183274,Africa
2018,ATG,Antigua and Barbuda,2872,Americas
2018,AZE,Azerbaijan,437135539,Asia
2018,ARG,Argentina,1441578408,Americas
2018,AUS,Australia,5825541411,Oceania
2018,AUT,Austria,382016376,Europe
2018,BHS,Bahamas,46586,Americas
2018,BHR,Bahrain,69941656,Asia
2018,BGD,Bangladesh,89465440,Asia
2018,ARM,Armenia,457465,Asia
2018,BRB,Barbados,173748,Americas
2018,BEL,Belgium,603378447,Europe
2018,BMU,Bermuda,501,Americas
2018,BTN,Bhutan,9102,Asia
2018,BOL,Bolivia (Plurinational State of),1860849,Americas
2018,BIH,Bosnia Herzegovina,762247,Europe
2018,BWA,Botswana,41293,Africa
2018,BRA,Brazil,1802544367,Americas
2018,BLZ,Belize,873314,Americas
2018,IOT,Br. Indian Ocean Terr.,354,Africa
2018,SLB,Solomon Isds,2616960,Oceania
2018,VGB,Br. Virgin Isds,2018028,Americas
2018,BRN,Brunei Darussalam,20097336,Asia
2018,BGR,Bulgaria,68761184,Europe
2018,MMR,Myanmar,151560511,Asia
2018,BDI,Burundi,7931,Africa
2018,BLR,Belarus,217569683,Europe
2018,KHM,Cambodia,33022314,Asia
2018,CMR,Cameroon,71021753,Africa
2018,CAN,Canada,1840749446,Americas
2018,CPV,Cabo Verde,130123,Africa
2018,CYM,Cayman Isds,20497,Americas
2018,CAF,Central African Rep.,697406,Africa
2018,LKA,Sri Lanka,42945512,Asia
2018,TCD,Chad,2285012,Africa
2018,CHL,Chile,115105072,Americas
2018,CHN,China,45537814908,Asia
2018,CXR,Christmas Isds,4738817,Oceania
2018,CCK,Cocos Isds,57412,Oceania
2018,COL,Colombia,18026322,Americas
2018,COM,Comoros,3978669,Africa
2018,COG,Congo,6502573,Africa
2018,COD,Dem. Rep. of the Congo,183241234,Africa
2018,COK,Cook Isds,210479,Oceania
2018,CRI,Costa Rica,3247210,Americas
2018,HRV,Croatia,39258658,Europe
2018,CUB,Cuba,995301,Americas
2018,CYP,Cyprus,9106722,Asia
2018,CZE,Czechia,151068251,Europe
2018,BEN,Benin,5218998,Africa
2018,DNK,Denmark,202469747,Europe
2018,DMA,Dominica,9419924,Americas
2018,DOM,Dominican Rep.,14731114,Americas
2018,ECU,Ecuador,150974462,Americas
2018,SLV,El Salvador,1100886,Americas
2018,GNQ,Equatorial Guinea,117625773,Africa
2018,ETH,Ethiopia,37438984,Africa
2018,EST,Estonia,28517365,Europe
2018,FRO,Faeroe Isds,16753,Europe
2018,FLK,Falkland Isds (Malvinas),183587,Americas
2018,SGS,South Georgia and the South Sandwich Islands,1329,Americas
2018,FJI,Fiji,869023,Oceania
2018,FIN,Finland,663312256,Europe
2018,FRA,France,1660980606,Europe
2018,PYF,French Polynesia,54216,Oceania
2018,DJI,Djibouti,4231,Africa
2018,GAB,Gabon,120835392,Africa
2018,GEO,Georgia,675133,Asia
2018,GMB,Gambia,53992,Africa
2018,PSE,State of Palestine,727052,Asia
2018,DEU,Germany,3972966533,Europe
2018,GHA,Ghana,17915932,Africa
2018,GIB,Gibraltar,2276,Europe
2018,KIR,Kiribati,144,Oceania
2018,GRC,Greece,90748053,Europe
2018,GRL,Greenland,2406,Americas
2018,GRD,Grenada,53011,Americas
2018,GUM,Guam,7024,Oceania
2018,GTM,Guatemala,865993,Americas
2018,GIN,Guinea,1515327,Africa
2018,GUY,Guyana,8186,Americas
2018,HTI,Haiti,283547,Americas
2018,HMD,Heard Island and McDonald Islands,1193,Oceania
2018,VAT,Holy See (Vatican City State),34307,Europe
2018,HND,Honduras,2085495,Americas
2018,HKG,"China, Hong Kong SAR",2634565212,Asia
2018,HUN,Hungary,74672532,Europe
2018,ISL,Iceland,6607856,Europe
2018,IDN,Indonesia,35281106,Asia
2018,IRN,Iran,419062973,Asia
2018,IRQ,Iraq,149828,Asia
2018,IRL,Ireland,160250390,Europe
2018,ISR,Israel,46687007,Asia
2018,ITA,Italy,1840322418,Europe
2018,CIV,Côte d'Ivoire,135947733,Africa
2018,JAM,Jamaica,252456,Americas
2018,JPN,Japan,17976711408,Asia
2018,KAZ,Kazakhstan,26738635,Asia
2018,JOR,Jordan,190806178,Asia
2018,KEN,Kenya,15413383,Africa
2018,PRK,Dem. People's Rep. of Korea,931144,Asia
2018,KOR,Rep. of Korea,9088875758,Asia
2018,KWT,Kuwait,266617351,Asia
2018,KGZ,Kyrgyzstan,15747422,Asia
2018,LAO,Lao People's Dem. Rep.,25677551,Asia
2018,LBN,Lebanon,6371371,Asia
2018,LSO,Lesotho,657321,Africa
2018,LVA,Latvia,20147242,Europe
2018,LBR,Liberia,864435,Africa
2018,LBY,Libya,165349373,Africa
2018,LTU,Lithuania,30151913,Europe
2018,LUX,Luxembourg,21174620,Europe
2018,MAC,"China, Macao SAR",8789040,Asia
2018,MDG,Madagascar,87549190,Africa
2018,MWI,Malawi,14559344,Africa
2018,MYS,Malaysia,8602839083,Asia
2018,MDV,Maldives,1219944,Asia
2018,MLI,Mali,10114922,Africa
2018,MLT,Malta,4962418,Europe
2018,MRT,Mauritania,709065,Africa
2018,MUS,Mauritius,4106761,Africa
2018,MEX,Mexico,287319726,Americas
2018,MNG,Mongolia,6814617,Asia
2018,MDA,Rep. of Moldova,13769406,Europe
2018,MNE,Montenegro,3846361,Europe
2018,MSR,Montserrat,1098,Americas
2018,MAR,Morocco,90803563,Africa
2018,MOZ,Mozambique,30501383,Africa
2018,OMN,Oman,348943081,Asia
2018,NAM,Namibia,12884053,Africa
2018,NRU,Nauru,109096,Oceania
2018,NPL,Nepal,213405,Asia
2018,NLD,Netherlands,1239253474,Europe
2018,CUW,Curaçao,202842,Americas
2018,ABW,Aruba,17271,Americas
2018,NCL,New Caledonia,892618,Oceania
2018,VUT,Vanuatu,736140,Oceania
2018,NZL,New Zealand,808441791,Oceania
2018,NIC,Nicaragua,476718,Americas
2018,NER,Niger,257046,Africa
2018,NGA,Nigeria,2527457033,Africa
2018,NIU,Niue,129206010,Oceania
2018,NFK,Norfolk Isds,21509,Oceania
2018,NOR,Norway,181908642,Europe
2018,MNP,N. Mariana Isds,24927,Oceania
2018,UMI,United States Minor Outlying Islands,802,Oceania
2018,MHL,Marshall Isds,57086917,Oceania
2018,PLW,Palau,27955,Oceania
2018,PAK,Pakistan,641422982,Asia
2018,PAN,Panama,45433326,Americas
2018,PNG,Papua New Guinea,43455728,Oceania
2018,PRY,Paraguay,91618076,Americas
2018,PER,Peru,56458847,Americas
2018,PHL,Philippines,958432327,Asia
2018,PCN,Pitcairn,35,Oceania
2018,POL,Poland,178295044,Europe
2018,PRT,Portugal,40862635,Europe
2018,TLS,Timor-Leste,3699060,Asia
2018,QAT,Qatar,1411275498,Asia
2018,ROU,Romania,37408585,Europe
2018,RUS,Russian Federation,1551117789,Europe
2018,RWA,Rwanda,125470,Africa
2018,BLM,Saint Barthélemy,64247,Americas
2018,SHN,Saint Helena,82235,Africa
2018,KNA,Saint Kitts and Nevis,984,Americas
2018,AIA,Anguilla,906424,Americas
2018,LCA,Saint Lucia,6555,Americas
2018,VCT,Saint Vincent and the Grenadines,179061,Americas
2018,SMR,San Marino,27010,Europe
2018,STP,Sao Tome and Principe,14945,Africa
2018,SAU,Saudi Arabia,4910728137,Asia
2018,SEN,Senegal,2256094,Africa
2018,SRB,Serbia,37312364,Europe
2018,SYC,Seychelles,9994448,Africa
2018,SLE,Sierra Leone,1082814,Africa
2018,IND,India,5016912125,Asia
2018,SGP,Singapore,21439514466,Asia
2018,SVK,Slovakia,19089150,Europe
2018,VNM,Viet Nam,3794629974,Asia
2018,SVN,Slovenia,17275146,Europe
2018,SOM,Somalia,503,Africa
2018,ZAF,South Africa,1068594749,Africa
2018,ZWE,Zimbabwe,147040656,Africa
2018,ESP,Spain,681524197,Europe
2018,SSD,South Sudan,5787,Africa
2018,SDN,Sudan,242017341,Africa
2018,SUR,Suriname,241335,Americas
2018,SWZ,Eswatini,2225418,Africa
2018,SWE,Sweden,705130659,Europe
2018,CHE,Switzerland,876217746,Europe
2018,SYR,Syria,175240,Asia
2018,TJK,Tajikistan,15710,Asia
2018,THA,Thailand,10952798159,Asia
2018,TGO,Togo,13204706,Africa
2018,TKL,Tokelau,1507573,Oceania
2018,TON,Tonga,137,Oceania
2018,TTO,Trinidad and Tobago,57938,Americas
2018,ARE,United Arab Emirates,1862004716,Asia
2018,TUN,Tunisia,29182930,Africa
2018,TUR,Türkiye,611524685,Asia
2018,TKM,Turkmenistan,475728,Asia
2018,TCA,Turks and Caicos Isds,347,Americas
2018,TUV,Tuvalu,771,Oceania
2018,UGA,Uganda,13593932,Africa
2018,UKR,Ukraine,822834549,Europe
2018,MKD,North Macedonia,7023566,Europe
2018,EGY,Egypt,139746794,Africa
2018,GBR,United Kingdom,1212545291,Europe
2018,TZA,United Rep. of Tanzania,71541364,Africa
2018,USA,USA,10212388449,Americas
2018,BFA,Burkina Faso,16246892,Africa
2018,URY,Uruguay,9169782,Americas
2018,UZB,Uzbekistan,55835326,Asia
2018,VEN,Venezuela,10471498,Americas
2018,WSM,Samoa,1088208,Oceania
2018,YEM,Yemen,794540,Asia
2018,ZMB,Zambia,2371796,Africa
2019,AFG,Afghanistan,204341,Asia
2019,ALB,Albania,468169,Europe
2019,DZA,Algeria,259236805,Africa
2019,ASM,American Samoa,676234,Oceania
2019,AND,Andorra,47939,Europe
2019,AGO,Angola,89758320,Africa
2019,ATG,Antigua and Barbuda,1288,Americas
2019,AZE,Azerbaijan,12336,Asia
2019,ARG,Argentina,1818251456,Americas
2019,AUS,Australia,5515308742,Oceania
2019,AUT,Austria,255154940,Europe
2019,BHS,Bahamas,168555,Americas
2019,BHR,Bahrain,178941951,Asia
2019,BGD,Bangladesh,96117544,Asia
2019,ARM,Armenia,42550,Asia
2019,BRB,Barbados,184148,Americas
2019,BEL,Belgium,633560740,Europe
2019,BMU,Bermuda,635,Americas
2019,BTN,Bhutan,3182,Asia
2019,BOL,Bolivia (Plurinational State of),2565425,Americas
2019,BIH,Bosnia Herzegovina,956611,Europe
2019,BWA,Botswana,59233,Africa
2019,BRA,Brazil,1940387546,Americas
2019,BLZ,Belize,101827,Americas
2019,IOT,Br. Indian Ocean Terr.,40657,Africa
2019,SLB,Solomon Isds,2624936,Oceania
2019,VGB,Br. Virgin Isds,9284099,Americas
2019,BRN,Brunei Darussalam,30551949,Asia
2019,BGR,Bulgaria,97809409,Europe
2019,MMR,Myanmar,182678864,Asia
2019,BDI,Burundi,2788,Africa
2019,BLR,Belarus,207157483,Europe
2019,KHM,Cambodia,42594713,Asia
2019,CMR,Cameroon,77712289,Africa
2019,CAN,Canada,1838716925,Americas
2019,CPV,Cabo Verde,21475,Africa
2019,CYM,Cayman Isds,57468,Americas
2019,CAF,Central African Rep.,511300,Africa
2019,LKA,Sri Lanka,40269633,Asia
2019,TCD,Chad,49729,Africa
2019,CHL,Chile,149101295,Americas
2019,CHN,China,44930598575,Asia
2019,CXR,Christmas Isds,3549359,Oceania
2019,CCK,Cocos Isds,26348,Oceania
2019,COL,Colombia,12784767,Americas
2019,COM,Comoros,160934,Africa
2019,COG,Congo,8809024,Africa
2019,COD,Dem. Rep. of the Congo,6364725,Africa
2019,COK,Cook Isds,262220,Oceania
2019,CRI,Costa Rica,3635717,Americas
2019,HRV,Croatia,8078888,Europe
2019,CUB,Cuba,434462,Americas
2019,CYP,Cyprus,52891405,Asia
2019,CZE,Czechia,191519118,Europe
2019,BEN,Benin,5511111,Africa
2019,DNK,Denmark,204770700,Europe
2019,DMA,Dominica,16333,Americas
2019,DOM,Dominican Rep.,28615130,Americas
2019,ECU,Ecuador,165038447,Americas
2019,SLV,El Salvador,880320,Americas
2019,GNQ,Equatorial Guinea,28713751,Africa
2019,ETH,Ethiopia,28114082,Africa
2019,ERI,Eritrea,1927,Africa
2019,EST,Estonia,24401555,Europe
2019,FRO,Faeroe Isds,13759,Europe
2019,FLK,Falkland Isds (Malvinas),1814,Americas
2019,SGS,South Georgia and the South Sandwich Islands,3153,Americas
2019,FJI,Fiji,906259,Oceania
2019,FIN,Finland,506785256,Europe
2019,FRA,France,1434201527,Europe
2019,PYF,French Polynesia,49179,Oceania
2019,ATF,Fr. South Antarctic Terr.,446,Africa
2019,DJI,Djibouti,140330,Africa
2019,GAB,Gabon,1916562,Africa
2019,GEO,Georgia,5570793,Asia
2019,GMB,Gambia,44522,Africa
2019,PSE,State of Palestine,1350043,Asia
2019,DEU,Germany,3476535204,Europe
2019,GHA,Ghana,64720497,Africa
2019,GIB,Gibraltar,542,Europe
2019,KIR,Kiribati,1035873,Oceania
2019,GRC,Greece,100385803,Europe
2019,GRL,Greenland,318681,Americas
2019,GRD,Grenada,1518,Americas
2019,GUM,Guam,184,Oceania
2019,GTM,Guatemala,1190524,Americas
2019,GIN,Guinea,1333391,Africa
2019,GUY,Guyana,31744,Americas
2019,HTI,Haiti,323027,Americas
2019,VAT,Holy See (Vatican City State),21105,Europe
2019,HND,Honduras,1432556,Americas
2019,HKG,"China, Hong Kong SAR",3226004248,Asia
2019,HUN,Hungary,99497777,Europe
2019,ISL,Iceland,7318972,Europe
2019,IDN,Indonesia,96644160,Asia
2019,IRN,Iran,23508343,Asia
2019,IRQ,Iraq,156110,Asia
2019,IRL,Ireland,149323751,Europe
2019,ISR,Israel,25335064,Asia
2019,ITA,Italy,1776576341,Europe
2019,CIV,Côte d'Ivoire,146111944,Africa
2019,JAM,Jamaica,194631,Americas
2019,JPN,Japan,15661831471,Asia
2019,KAZ,Kazakhstan,141804812,Asia
2019,JOR,Jordan,176939311,Asia
2019,KEN,Kenya,25288065,Africa
2019,PRK,Dem. People's Rep. of Korea,3063015,Asia
2019,KOR,Rep. of Korea,8421259397,Asia
2019,KWT,Kuwait,308282566,Asia
2019,KGZ,Kyrgyzstan,95548,Asia
2019,LAO,Lao People's Dem. Rep.,31121724,Asia
2019,LBN,Lebanon,2794296,Asia
2019,LSO,Lesotho,411046,Africa
2019,LVA,Latvia,31420504,Europe
2019,LBR,Liberia,16808122,Africa
2019,LBY,Libya,172649,Africa
2019,LTU,Lithuania,46315522,Europe
2019,LUX,Luxembourg,14879145,Europe
2019,MAC,"China, Macao SAR",4745158,Asia
2019,MDG,Madagascar,32783255,Africa
2019,MWI,Malawi,4991312,Africa
2019,MYS,Malaysia,7775273501,Asia
2019,MDV,Maldives,65637,Asia
2019,MLI,Mali,12088908,Africa
2019,MLT,Malta,10814539,Europe
2019,MRT,Mauritania,137664,Africa
2019,MUS,Mauritius,4218686,Africa
2019,MEX,Mexico,265713898,Americas
2019,MNG,Mongolia,2320,Asia
2019,MDA,Rep. of Moldova,32469406,Europe
2019,MNE,Montenegro,345557,Europe
2019,MSR,Montserrat,29049,Americas
2019,MAR,Morocco,86142039,Africa
2019,MOZ,Mozambique,19612677,Africa
2019,OMN,Oman,460154923,Asia
2019,NAM,Namibia,9187062,Africa
2019,NRU,Nauru,16472,Oceania
2019,NPL,Nepal,161288,Asia
2019,NLD,Netherlands,832011918,Europe
2019,CUW,Curaçao,616944,Americas
2019,ABW,Aruba,74302,Americas
2019,NCL,New Caledonia,152488,Oceania
2019,VUT,Vanuatu,671835,Oceania
2019,NZL,New Zealand,763597714,Oceania
2019,NIC,Nicaragua,196977,Americas
2019,NER,Niger,87384,Africa
2019,NGA,Nigeria,1917849954,Africa
2019,NIU,Niue,58750571,Oceania
2019,NFK,Norfolk Isds,73155,Oceania
2019,NOR,Norway,198525614,Europe
2019,MNP,N. Mariana Isds,113,Oceania
2019,UMI,United States Minor Outlying Islands,38518,Oceania
2019,FSM,FS Micronesia,3902940,Oceania
2019,MHL,Marshall Isds,118090361,Oceania
2019,PLW,Palau,8542,Oceania
2019,PAK,Pakistan,377959046,Asia
2019,PAN,Panama,29179800,Americas
2019,PNG,Papua New Guinea,59362022,Oceania
2019,PRY,Paraguay,28117068,Americas
2019,PER,Peru,68527776,Americas
2019,PHL,Philippines,821897119,Asia
2019,PCN,Pitcairn,3282,Oceania
2019,POL,Poland,224809763,Europe
2019,PRT,Portugal,45237277,Europe
2019,TLS,Timor-Leste,6593640,Asia
2019,QAT,Qatar,947286625,Asia
2019,ROU,Romania,24208170,Europe
2019,RUS,Russian Federation,1204459341,Europe
2019,RWA,Rwanda,103686,Africa
2019,BLM,Saint Barthélemy,327290,Americas
2019,SHN,Saint Helena,8494,Africa
2019,KNA,Saint Kitts and Nevis,1497,Americas
2019,AIA,Anguilla,217412,Americas
2019,LCA,Saint Lucia,12986,Americas
2019,VCT,Saint Vincent and the Grenadines,439251,Americas
2019,SMR,San Marino,158209,Europe
2019,STP,Sao Tome and Principe,1330,Africa
2019,SAU,Saudi Arabia,3567725048,Asia
2019,SEN,Senegal,2904246,Africa
2019,SRB,Serbia,11008294,Europe
2019,SYC,Seychelles,18456318,Africa
2019,SLE,Sierra Leone,1616621,Africa
2019,IND,India,4295692201,Asia
2019,SGP,Singapore,17589850198,Asia
2019,SVK,Slovakia,22360344,Europe
2019,VNM,Viet Nam,3848195857,Asia
2019,SVN,Slovenia,21501559,Europe
2019,SOM,Somalia,2216,Africa
2019,ZAF,South Africa,815882596,Africa
2019,ZWE,Zimbabwe,67639243,Africa
2019,ESP,Spain,614575505,Europe
2019,SSD,South Sudan,1069,Africa
2019,SDN,Sudan,110842921,Africa
2019,SUR,Suriname,905816,Americas
2019,SWZ,Eswatini,3476643,Africa
2019,SWE,Sweden,562521020,Europe
2019,CHE,Switzerland,696269725,Europe
2019,SYR,Syria,7587,Asia
2019,TJK,Tajikistan,28413,Asia
2019,THA,Thailand,9469093161,Asia
2019,TGO,Togo,5406432,Africa
2019,TKL,Tokelau,672137,Oceania
2019,TON,Tonga,100,Oceania
2019,TTO,Trinidad and Tobago,1004497,Americas
2019,ARE,United Arab Emirates,2183652309,Asia
2019,TUN,Tunisia,27480934,Africa
2019,TUR,Türkiye,342230885,Asia
2019,TKM,Turkmenistan,57581,Asia
2019,TCA,Turks and Caicos Isds,701,Americas
2019,TUV,Tuvalu,7500000,Oceania
2019,UGA,Uganda,4674659,Africa
2019,UKR,Ukraine,1008186629,Europe
2019,MKD,North Macedonia,2760869,Europe
2019,EGY,Egypt,135381071,Africa
2019,GBR,United Kingdom,1048654604,Europe
2019,TZA,United Rep. of Tanzania,18314084,Africa
2019,USA,USA,9319161007,Americas
2019,BFA,Burkina Faso,8486111,Africa
2019,URY,Uruguay,20096132,Americas
2019,UZB,Uzbekistan,22503662,Asia
2019,VEN,Venezuela,6004749,Americas
2019,WSM,Samoa,2875938,Oceania
2019,YEM,Yemen,1370083,Asia
2019,ZMB,Zambia,7005022,Africa
2020,AFG,Afghanistan,486536,Asia
2020,ALB,Albania,122301,Europe
2020,DZA,Algeria,182963188,Africa
2020,ASM,American Samoa,591388,Oceania
2020,AND,Andorra,22907,Europe
2020,AGO,Angola,29387939,Africa
2020,ATG,Antigua and Barbuda,376,Americas
2020,AZE,Azerbaijan,497430,Asia
2020,ARG,Argentina,1747801029,Americas
2020,AUS,Australia,4646556118,Oceania
2020,AUT,Austria,289083826,Europe
2020,BHS,Bahamas,4915191,Americas
2020,BHR,Bahrain,132050461,Asia
2020,BGD,Bangladesh,76635158,Asia
2020,ARM,Armenia,874713,Asia
2020,BRB,Barbados,81790,Americas
2020,BEL,Belgium,526048064,Europe
2020,BMU,Bermuda,562,Americas
2020,BTN,Bhutan,3776,Asia
2020,BOL,Bolivia (Plurinational State of),2383571,Americas
2020,BIH,Bosnia Herzegovina,994955,Europe
2020,BWA,Botswana,18776,Africa
2020,BRA,Brazil,2560823518,Americas
2020,BLZ,Belize,89112,Americas
2020,IOT,Br. Indian Ocean Terr.,1911,Africa
2020,SLB,Solomon Isds,259955,Oceania
2020,VGB,Br. Virgin Isds,1168008,Americas
2020,BRN,Brunei Darussalam,75338073,Asia
2020,BGR,Bulgaria,62158327,Europe
2020,MMR,Myanmar,187248822,Asia
2020,BDI,Burundi,22700,Africa
2020,BLR,Belarus,158169093,Europe
2020,KHM,Cambodia,47355643,Asia
2020,CMR,Cameroon,33488039,Africa
2020,CAN,Canada,1615455845,Americas
2020,CPV,Cabo Verde,57315,Africa
2020,CYM,Cayman Isds,41506,Americas
2020,CAF,Central African Rep.,75937,Africa
2020,LKA,Sri Lanka,26626379,Asia
2020,TCD,Chad,2809826,Africa
2020,CHL,Chile,108901941,Americas
2020,CHN,China,39634699181,Asia
2020,CXR,Christmas Isds,3175707,Oceania
2020,CCK,Cocos Isds,595,Oceania
2020,COL,Colombia,8779217,Americas
2020,COM,Comoros,226,Africa
2020,COG,Congo,1408194,Africa
2020,COD,Dem. Rep. of the Congo,10795030,Africa
2020,COK,Cook Isds,321274,Oceania
2020,CRI,Costa Rica,5469828,Americas
2020,HRV,Croatia,9202651,Europe
2020,CUB,Cuba,777762,Americas
2020,CYP,Cyprus,42727418,Asia
2020,CZE,Czechia,268891329,Europe
2020,BEN,Benin,920792,Africa
2020,DNK,Denmark,161596701,Europe
2020,DMA,Dominica,12745,Americas
2020,DOM,Dominican Rep.,20426746,Americas
2020,ECU,Ecuador,202775935,Americas
2020,SLV,El Salvador,1047997,Americas
2020,GNQ,Equatorial Guinea,43106912,Africa
2020,ETH,Ethiopia,24508591,Africa
2020,ERI,Eritrea,112,Africa
2020,EST,Estonia,20421528,Europe
2020,FRO,Faeroe Isds,329,Europe
2020,FLK,Falkland Isds (Malvinas),47981,Americas
2020,SGS,South Georgia and the South Sandwich Islands,38537,Americas
2020,FJI,Fiji,608313,Oceania
2020,FIN,Finland,334330307,Europe
2020,FRA,France,1360064760,Europe
2020,PYF,French Polynesia,2570,Oceania
2020,DJI,Djibouti,1078978,Africa
2020,GAB,Gabon,15457117,Africa
2020,GEO,Georgia,4470343,Asia
2020,GMB,Gambia,5849,Africa
2020,PSE,State of Palestine,1664768,Asia
2020,DEU,Germany,3023873228,Europe
2020,GHA,Ghana,19155670,Africa
2020,GIB,Gibraltar,1214,Europe
2020,KIR,Kiribati,118677,Oceania
2020,GRC,Greece,59664706,Europe
2020,GRL,Greenland,86431,Americas
2020,GRD,Grenada,54582,Americas
2020,GUM,Guam,72,Oceania
2020,GTM,Guatemala,15032710,Americas
2020,GIN,Guinea,494036,Africa
2020,GUY,Guyana,47351,Americas
2020,HTI,Haiti,100820,Americas
2020,HMD,Heard Island and McDonald Islands,128,Oceania
2020,VAT,Holy See (Vatican City State),11588,Europe
2020,HND,Honduras,591395,Americas
2020,HKG,"China, Hong Kong SAR",2747177889,Asia
2020,HUN,Hungary,131187190,Europe
2020,ISL,Iceland,3100574,Europe
2020,IDN,Indonesia,47472333,Asia
2020,IRN,Iran,17716493,Asia
2020,IRQ,Iraq,24289587,Asia
2020,IRL,Ireland,133533057,Europe
2020,ISR,Israel,56537086,Asia
2020,ITA,Italy,1556764805,Europe
2020,CIV,Côte d'Ivoire,153068741,Africa
2020,JAM,Jamaica,14995,Americas
2020,JPN,Japan,10672054176,Asia
2020,KAZ,Kazakhstan,130082052,Asia
2020,JOR,Jordan,167328242,Asia
2020,KEN,Kenya,26652326,Africa
2020,PRK,Dem. People's Rep. of Korea,770403,Asia
2020,KOR,Rep. of Korea,6849367950,Asia
2020,KWT,Kuwait,291856164,Asia
2020,KGZ,Kyrgyzstan,237548,Asia
2020,LAO,Lao People's Dem. Rep.,42265994,Asia
2020,LBN,Lebanon,1908649,Asia
2020,LSO,Lesotho,229603,Africa
2020,LVA,Latvia,22162196,Europe
2020,LBR,Liberia,34771031,Africa
2020,LBY,Libya,709906,Africa
2020,LTU,Lithuania,28264100,Europe
2020,LUX,Luxembourg,16989454,Europe
2020,MAC,"China, Macao SAR",9196774,Asia
2020,MDG,Madagascar,25966365,Africa
2020,MWI,Malawi,8077566,Africa
2020,MYS,Malaysia,6933018937,Asia
2020,MDV,Maldives,529255,Asia
2020,MLI,Mali,3146634,Africa
2020,MLT,Malta,956802,Europe
2020,MRT,Mauritania,1978125,Africa
2020,MUS,Mauritius,3265675,Africa
2020,MEX,Mexico,269457515,Americas
2020,MNG,Mongolia,1123379,Asia
2020,MDA,Rep. of Moldova,15264755,Europe
2020,MNE,Montenegro,66635,Europe
2020,MSR,Montserrat,3486,Americas
2020,MAR,Morocco,57612904,Africa
2020,MOZ,Mozambique,10341625,Africa
2020,OMN,Oman,341628574,Asia
2020,NAM,Namibia,5281150,Africa
2020,NRU,Nauru,30377,Oceania
2020,NPL,Nepal,184071,Asia
2020,NLD,Netherlands,804329612,Europe
2020,CUW,Curaçao,33556,Americas
2020,ABW,Aruba,41600,Americas
2020,NCL,New Caledonia,17158,Oceania
2020,VUT,Vanuatu,14225301,Oceania
2020,NZL,New Zealand,757010817,Oceania
2020,NIC,Nicaragua,115586,Americas
2020,NER,Niger,67218,Africa
2020,NGA,Nigeria,830728374,Africa
2020,NIU,Niue,77317519,Oceania
2020,NFK,Norfolk Isds,27190,Oceania
2020,NOR,Norway,177584693,Europe
2020,MNP,N. Mariana Isds,44,Oceania
2020,UMI,United States Minor Outlying Islands,966878,Oceania
2020,MHL,Marshall Isds,51963997,Oceania
2020,PLW,Palau,87055,Oceania
2020,PAK,Pakistan,194939625,Asia
2020,PAN,Panama,33834646,Americas
2020,PNG,Papua New Guinea,33370449,Oceania
2020,PRY,Paraguay,16817287,Americas
2020,PER,Peru,76041063,Americas
2020,PHL,Philippines,592009526,Asia
2020,PCN,Pitcairn,278,Oceania
2020,POL,Poland,285313405,Europe
2020,PRT,Portugal,65822808,Europe
2020,GNB,Guinea-Bissau,41,Africa
2020,TLS,Timor-Leste,2468862,Asia
2020,QAT,Qatar,710781462,Asia
2020,ROU,Romania,44442892,Europe
2020,RUS,Russian Federation,957885365,Europe
2020,RWA,Rwanda,65999,Africa
2020,BLM,Saint Barthélemy,70868,Americas
2020,SHN,Saint Helena,96045,Africa
2020,KNA,Saint Kitts and Nevis,2336,Americas
2020,AIA,Anguilla,376210,Americas
2020,LCA,Saint Lucia,1405,Americas
2020,VCT,Saint Vincent and the Grenadines,846457,Americas
2020,SMR,San Marino,368427,Europe
2020,STP,Sao Tome and Principe,11781,Africa
2020,SAU,Saudi Arabia,2613491118,Asia
2020,SEN,Senegal,6474909,Africa
2020,SRB,Serbia,16523909,Europe
2020,SYC,Seychelles,25205472,Africa
2020,SLE,Sierra Leone,3105768,Africa
2020,IND,India,3764304622,Asia
2020,SGP,Singapore,12341231341,Asia
2020,SVK,Slovakia,18798850,Europe
2020,VNM,Viet Nam,3130605755,Asia
2020,SVN,Slovenia,27877410,Europe
2020,SOM,Somalia,30017,Africa
2020,ZAF,South Africa,688881483,Africa
2020,ZWE,Zimbabwe,57576494,Africa
2020,ESP,Spain,456830996,Europe
2020,SSD,South Sudan,80,Africa
2020,SDN,Sudan,67535631,Africa
2020,SUR,Suriname,218511,Americas
2020,SWZ,Eswatini,1598881,Africa
2020,SWE,Sweden,435115120,Europe
2020,CHE,Switzerland,701844792,Europe
2020,SYR,Syria,417501,Asia
2020,TJK,Tajikistan,3572,Asia
2020,THA,Thailand,6483756697,Asia
2020,TGO,Togo,566046,Africa
2020,TKL,Tokelau,23760,Oceania
2020,TON,Tonga,108437,Oceania
2020,TTO,Trinidad and Tobago,11106,Americas
2020,ARE,United Arab Emirates,1682991995,Asia
2020,TUN,Tunisia,31051456,Africa
2020,TUR,Türkiye,274169783,Asia
2020,TKM,Turkmenistan,3479,Asia
2020,TCA,Turks and Caicos Isds,619,Americas
2020,UGA,Uganda,5035242,Africa
2020,UKR,Ukraine,963063904,Europe
2020,MKD,North Macedonia,6071503,Europe
2020,EGY,Egypt,128299183,Africa
2020,GBR,United Kingdom,959024443,Europe
2020,TZA,United Rep. of Tanzania,16704561,Africa
2020,USA,USA,8641916207,Americas
2020,BFA,Burkina Faso,1083072,Africa
2020,URY,Uruguay,10727178,Americas
2020,UZB,Uzbekistan,18802469,Asia
2020,VEN,Venezuela,11447777,Americas
2020,WLF,Wallis and Futuna Isds,181,Oceania
2020,WSM,Samoa,4927698,Oceania
2020,YEM,Yemen,1864079,Asia
2020,ZMB,Zambia,3998382,Africa
2021,AFG,Afghanistan,208770,Asia
2021,ALB,Albania,5297133,Europe
2021,DZA,Algeria,300260654,Africa
2021,ASM,American Samoa,436043,Oceania
2021,AND,Andorra,124577,Europe
2021,AGO,Angola,463466072,Africa
2021,ATG,Antigua and Barbuda,827475,Americas
2021,AZE,Azerbaijan,227708959,Asia
2021,ARG,Argentina,2039144085,Americas
2021,AUS,Australia,9425007794,Oceania
2021,AUT,Austria,357597024,Europe
2021,BHS,Bahamas,4506,Americas
2021,BHR,Bahrain,223139708,Asia
2021,BGD,Bangladesh,108170022,Asia
2021,ARM,Armenia,952908,Asia
2021,BRB,Barbados,259337,Americas
2021,BEL,Belgium,767751019,Europe
2021,BMU,Bermuda,110,Americas
2021,BTN,Bhutan,379,Asia
2021,BOL,Bolivia (Plurinational State of),8881695,Americas
2021,BIH,Bosnia Herzegovina,1154980,Europe
2021,BWA,Botswana,124662,Africa
2021,BRA,Brazil,2621511394,Americas
2021,BLZ,Belize,77172,Americas
2021,IOT,Br. Indian Ocean Terr.,18454,Africa
2021,SLB,Solomon Isds,1464813,Oceania
2021,VGB,Br. Virgin Isds,8137327,Americas
2021,BRN,Brunei Darussalam,162844243,Asia
2021,BGR,Bulgaria,89254905,Europe
2021,MMR,Myanmar,165906473,Asia
2021,BDI,Burundi,39638,Africa
2021,BLR,Belarus,282268996,Europe
2021,KHM,Cambodia,49256299,Asia
2021,CMR,Cameroon,36969959,Africa
2021,CAN,Canada,2053964077,Americas
2021,CPV,Cabo Verde,99962,Africa
2021,CYM,Cayman Isds,170,Americas
2021,CAF,Central African Rep.,169393,Africa
2021,LKA,Sri Lanka,53345704,Asia
2021,TCD,Chad,2170566,Africa
2021,CHL,Chile,165209184,Americas
2021,CHN,China,56227202302,Asia
2021,CXR,Christmas Isds,1001880,Oceania
2021,CCK,Cocos Isds,219317,Oceania
2021,COL,Colombia,36871114,Americas
2021,COM,Comoros,212,Africa
2021,COG,Congo,87793636,Africa
2021,COD,Dem. Rep. of the Congo,47632492,Africa
2021,COK,Cook Isds,540944,Oceania
2021,CRI,Costa Rica,7466802,Americas
2021,HRV,Croatia,7545588,Europe
2021,CUB,Cuba,788733,Americas
2021,CYP,Cyprus,18884719,Asia
2021,CZE,Czechia,139422086,Europe
2021,BEN,Benin,12294660,Africa
2021,DNK,Denmark,205329409,Europe
2021,DMA,Dominica,25062,Americas
2021,DOM,Dominican Rep.,26203807,Americas
2021,ECU,Ecuador,165849715,Americas
2021,SLV,El Salvador,1548792,Americas
2021,GNQ,Equatorial Guinea,149203016,Africa
2021,ETH,Ethiopia,25666059,Africa
2021,ERI,Eritrea,12314,Africa
2021,EST,Estonia,58602891,Europe
2021,FRO,Faeroe Isds,16179,Europe
2021,SGS,South Georgia and the South Sandwich Islands,166022,Americas
2021,FJI,Fiji,597998,Oceania
2021,FIN,Finland,390366597,Europe
2021,FRA,France,1276976828,Europe
2021,PYF,French Polynesia,3649,Oceania
2021,ATF,Fr. South Antarctic Terr.,46,Africa
2021,DJI,Djibouti,14130,Africa
2021,GAB,Gabon,312705177,Africa
2021,GEO,Georgia,425590,Asia
2021,GMB,Gambia,10566,Africa
2021,PSE,State of Palestine,1172764,Asia
2021,DEU,Germany,3187612682,Europe
2021,GHA,Ghana,49290464,Africa
2021,GIB,Gibraltar,956,Europe
2021,KIR,Kiribati,11602972,Oceania
2021,GRC,Greece,64430254,Europe
2021,GRL,Greenland,139968,Americas
2021,GTM,Guatemala,940222,Americas
2021,GIN,Guinea,4850539,Africa
2021,GUY,Guyana,1947,Americas
2021,HTI,Haiti,139597,Americas
2021,VAT,Holy See (Vatican City State),407,Europe
2021,HND,Honduras,482549,Americas
2021,HKG,"China, Hong Kong SAR",2878461045,Asia
2021,HUN,Hungary,105006882,Europe
2021,ISL,Iceland,7793628,Europe
2021,IDN,Indonesia,59310111,Asia
2021,IRN,Iran,21631431,Asia
2021,IRQ,Iraq,98341,Asia
2021,IRL,Ireland,136601936,Europe
2021,ISR,Israel,26504280,Asia
2021,ITA,Italy,1728255774,Europe
2021,CIV,Côte d'Ivoire,236546665,Africa
2021,JAM,Jamaica,21262,Americas
2021,JPN,Japan,14644286874,Asia
2021,KAZ,Kazakhstan,277896508,Asia
2021,JOR,Jordan,218952778,Asia
2021,KEN,Kenya,19420399,Africa
2021,PRK,Dem. People's Rep. of Korea,408674,Asia
2021,KOR,Rep. of Korea,9427193748,Asia
2021,KWT,Kuwait,266791464,Asia
2021,KGZ,Kyrgyzstan,1396218,Asia
2021,LAO,Lao People's Dem. Rep.,37967253,Asia
2021,LBN,Lebanon,1662870,Asia
2021,LSO,Lesotho,3479,Africa
2021,LVA,Latvia,21562349,Europe
2021,LBR,Liberia,3171201,Africa
2021,LBY,Libya,10482641,Africa
2021,LTU,Lithuania,28886162,Europe
2021,LUX,Luxembourg,21962472,Europe
2021,MAC,"China, Macao SAR",8923038,Asia
2021,MDG,Madagascar,45462017,Africa
2021,MWI,Malawi,7240015,Africa
2021,MYS,Malaysia,9451030469,Asia
2021,MDV,Maldives,615810,Asia
2021,MLI,Mali,20326650,Africa
2021,MLT,Malta,90384121,Europe
2021,MRT,Mauritania,455633,Africa
2021,MUS,Mauritius,3186573,Africa
2021,MEX,Mexico,307311377,Americas
2021,MNG,Mongolia,2097946,Asia
2021,MDA,Rep. of Moldova,20386040,Europe
2021,MNE,Montenegro,2712129,Europe
2021,MSR,Montserrat,4831,Americas
2021,MAR,Morocco,91456963,Africa
2021,MOZ,Mozambique,10853070,Africa
2021,OMN,Oman,597658981,Asia
2021,NAM,Namibia,1769564,Africa
2021,NRU,Nauru,25364,Oceania
2021,NPL,Nepal,376377,Asia
2021,NLD,Netherlands,846118679,Europe
2021,CUW,Curaçao,1857338,Americas
2021,NCL,New Caledonia,80395,Oceania
2021,VUT,Vanuatu,150142,Oceania
2021,NZL,New Zealand,959365475,Oceania
2021,NIC,Nicaragua,15579,Americas
2021,NER,Niger,99074,Africa
2021,NGA,Nigeria,2047402255,Africa
2021,NIU,Niue,3520000,Oceania
2021,NFK,Norfolk Isds,37088,Oceania
2021,NOR,Norway,223430975,Europe
2021,MNP,N. Mariana Isds,52,Oceania
2021,UMI,United States Minor Outlying Islands,12192,Oceania
2021,MHL,Marshall Isds,4277328,Oceania
2021,PLW,Palau,2811,Oceania
2021,PAK,Pakistan,185504293,Asia
2021,PAN,Panama,82312220,Americas
2021,PNG,Papua New Guinea,125797289,Oceania
2021,PRY,Paraguay,31077412,Americas
2021,PER,Peru,84248872,Americas
2021,PHL,Philippines,1273265244,Asia
2021,PCN,Pitcairn,5680,Oceania
2021,POL,Poland,192768793,Europe
2021,PRT,Portugal,35099413,Europe
2021,TLS,Timor-Leste,2282094,Asia
2021,QAT,Qatar,675779279,Asia
2021,ROU,Romania,40097392,Europe
2021,RUS,Russian Federation,1253795061,Europe
2021,RWA,Rwanda,3363,Africa
2021,BLM,Saint Barthélemy,3724,Americas
2021,SHN,Saint Helena,350272,Africa
2021,KNA,Saint Kitts and Nevis,1361,Americas
2021,AIA,Anguilla,18976,Americas
2021,LCA,Saint Lucia,2104,Americas
2021,VCT,Saint Vincent and the Grenadines,224,Americas
2021,SMR,San Marino,17416,Europe
2021,STP,Sao Tome and Principe,31029,Africa
2021,SAU,Saudi Arabia,3967064132,Asia
2021,SEN,Senegal,264022,Africa
2021,SRB,Serbia,15742719,Europe
2021,SYC,Seychelles,12017152,Africa
2021,SLE,Sierra Leone,2370760,Africa
2021,IND,India,7668264668,Asia
2021,SGP,Singapore,15451683940,Asia
2021,SVK,Slovakia,18315198,Europe
2021,VNM,Viet Nam,4212975831,Asia
2021,SVN,Slovenia,24028766,Europe
2021,SOM,Somalia,1531,Africa
2021,ZAF,South Africa,1835123253,Africa
2021,ZWE,Zimbabwe,80626177,Africa
2021,ESP,Spain,684095863,Europe
2021,SSD,South Sudan,99431,Africa
2021,SDN,Sudan,16185044,Africa
2021,SUR,Suriname,133205,Americas
2021,SWZ,Eswatini,1071355,Africa
2021,SWE,Sweden,560331697,Europe
2021,CHE,Switzerland,682871027,Europe
2021,SYR,Syria,23643,Asia
2021,TJK,Tajikistan,39,Asia
2021,THA,Thailand,9146469121,Asia
2021,TGO,Togo,6450471,Africa
2021,TKL,Tokelau,66900,Oceania
2021,TON,Tonga,210,Oceania
2021,TTO,Trinidad and Tobago,54075,Americas
2021,ARE,United Arab Emirates,2142989351,Asia
2021,TUN,Tunisia,57786125,Africa
2021,TUR,Türkiye,400638969,Asia
2021,TKM,Turkmenistan,1457,Asia
2021,TCA,Turks and Caicos Isds,262,Americas
2021,TUV,Tuvalu,6637,Oceania
2021,UGA,Uganda,11841087,Africa
2021,UKR,Ukraine,1040884248,Europe
2021,MKD,North Macedonia,13522210,Europe
2021,EGY,Egypt,212186963,Africa
2021,GBR,United Kingdom,1090770032,Europe
2021,TZA,United Rep. of Tanzania,59648838,Africa
2021,USA,USA,11308706993,Americas
2021,BFA,Burkina Faso,8093407,Africa
2021,URY,Uruguay,13559355,Americas
2021,UZB,Uzbekistan,12593962,Asia
2021,VEN,Venezuela,13841156,Americas
2021,WSM,Samoa,376015,Oceania
2021,YEM,Yemen,676191,Asia
2021,ZMB,Zambia,6854360,Africa
2022,AFG,Afghanistan,380945,Asia
2022,ALB,Albania,279935,Europe
2022,DZA,Algeria,737163778,Africa
2022,ASM,American Samoa,496643,Oceania
2022,AND,Andorra,593074,Europe
2022,AGO,Angola,873602087,Africa
2022,ATG,Antigua and Barbuda,225262,Americas
2022,AZE,Azerbaijan,840525260,Asia
2022,ARG,Argentina,2411149048,Americas
2022,AUS,Australia,9863268333,Oceania
2022,AUT,Austria,361362518,Europe
2022,BHS,Bahamas,654,Americas
2022,BHR,Bahrain,180957472,Asia
2022,BGD,Bangladesh,110073934,Asia
2022,ARM,Armenia,68101,Asia
2022,BRB,Barbados,150891,Americas
2022,BEL,Belgium,643465521,Europe
2022,BMU,Bermuda,53,Americas
2022,BTN,Bhutan,1669863,Asia
2022,BOL,Bolivia (Plurinational State of),12533034,Americas
2022,BIH,Bosnia Herzegovina,1158178,Europe
2022,BWA,Botswana,50432,Africa
2022,BRA,Brazil,3900084497,Americas
2022,BLZ,Belize,99305,Americas
2022,IOT,Br. Indian Ocean Terr.,425,Africa
2022,SLB,Solomon Isds,1870082,Oceania
2022,VGB,Br. Virgin Isds,877994,Americas
2022,BRN,Brunei Darussalam,657169803,Asia
2022,BGR,Bulgaria,120086586,Europe
2022,MMR,Myanmar,111200127,Asia
2022,BDI,Burundi,69776,Africa
2022,BLR,Belarus,89916586,Europe
2022,KHM,Cambodia,62637119,Asia
2022,CMR,Cameroon,22790930,Africa
2022,CAN,Canada,2998884472,Americas
2022,CPV,Cabo Verde,536038,Africa
2022,CYM,Cayman Isds,71863,Americas
2022,CAF,Central African Rep.,2238185,Africa
2022,LKA,Sri Lanka,50423684,Asia
2022,TCD,Chad,16607021,Africa
2022,CHL,Chile,229344401,Americas
2022,CHN,China,67723688105,Asia
2022,CXR,Christmas Isds,3031769,Oceania
2022,CCK,Cocos Isds,90107,Oceania
2022,COL,Colombia,47980201,Americas
2022,COM,Comoros,5529728,Africa
2022,COG,Congo,254732110,Africa
2022,COD,Dem. Rep. of the Congo,13376215,Africa
2022,COK,Cook Isds,12910,Oceania
2022,CRI,Costa Rica,8351297,Americas
2022,HRV,Croatia,12604903,Europe
2022,CUB,Cuba,1031407,Americas
2022,CYP,Cyprus,13193390,Asia
2022,CZE,Czechia,171713404,Europe
2022,BEN,Benin,6792704,Africa
2022,DNK,Denmark,237012193,Europe
2022,DMA,Dominica,22592,Americas
2022,DOM,Dominican Rep.,16911639,Americas
2022,ECU,Ecuador,163194965,Americas
2022,SLV,El Salvador,1604200,Americas
2022,GNQ,Equatorial Guinea,162647992,Africa
2022,ETH,Ethiopia,24143722,Africa
2022,ERI,Eritrea,7237,Africa
2022,EST,Estonia,33054189,Europe
2022,FRO,Faeroe Isds,79938,Europe
2022,SGS,South Georgia and the South Sandwich Islands,192,Americas
2022,FJI,Fiji,729568,Oceania
2022,FIN,Finland,494775027,Europe
2022,FRA,France,1330933396,Europe
2022,PYF,French Polynesia,31912,Oceania
2022,ATF,Fr. South Antarctic Terr.,724,Africa
2022,DJI,Djibouti,5641,Africa
2022,GAB,Gabon,459000476,Africa
2022,GEO,Georgia,1633189,Asia
2022,GMB,Gambia,40827,Africa
2022,PSE,State of Palestine,1253267,Asia
2022,DEU,Germany,3821840349,Europe
2022,GHA,Ghana,16857697,Africa
2022,GIB,Gibraltar,472,Europe
2022,KIR,Kiribati,10512792,Oceania
2022,GRC,Greece,94506187,Europe
2022,GRL,Greenland,919367,Americas
2022,GRD,Grenada,1018,Americas
2022,GUM,Guam,503,Oceania
2022,GTM,Guatemala,822731,Americas
2022,GIN,Guinea,29221032,Africa
2022,GUY,Guyana,408956,Americas
2022,HTI,Haiti,541595,Americas
2022,VAT,Holy See (Vatican City State),252,Europe
2022,HND,Honduras,407640,Americas
2022,HKG,"China, Hong Kong SAR",2976168234,Asia
2022,HUN,Hungary,168180493,Europe
2022,ISL,Iceland,8145552,Europe
2022,IDN,Indonesia,62626178,Asia
2022,IRN,Iran,14633029,Asia
2022,IRQ,Iraq,140280799,Asia
2022,IRL,Ireland,165118062,Europe
2022,ISR,Israel,47814705,Asia
2022,ITA,Italy,1486206793,Europe
2022,CIV,Côte d'Ivoire,171830460,Africa
2022,JAM,Jamaica,105208,Americas
2022,JPN,Japan,17176667363,Asia
2022,KAZ,Kazakhstan,585475219,Asia
2022,JOR,Jordan,391317276,Asia
2022,KEN,Kenya,32020052,Africa
2022,PRK,Dem. People's Rep. of Korea,798229,Asia
2022,KOR,Rep. of Korea,11718181613,Asia
2022,KWT,Kuwait,144345060,Asia
2022,KGZ,Kyrgyzstan,415580,Asia
2022,LAO,Lao People's Dem. Rep.,167606519,Asia
2022,LBN,Lebanon,1885335,Asia
2022,LSO,Lesotho,1772,Africa
2022,LVA,Latvia,19509413,Europe
2022,LBR,Liberia,37837042,Africa
2022,LBY,Libya,672770,Africa
2022,LTU,Lithuania,41978764,Europe
2022,LUX,Luxembourg,15585442,Europe
2022,MAC,"China, Macao SAR",4726238,Asia
2022,MDG,Madagascar,218469202,Africa
2022,MWI,Malawi,5511284,Africa
2022,MYS,Malaysia,12475633399,Asia
2022,MDV,Maldives,623459,Asia
2022,MLI,Mali,8169334,Africa
2022,MLT,Malta,1029317,Europe
2022,MRT,Mauritania,692363,Africa
2022,MUS,Mauritius,2365642,Africa
2022,MEX,Mexico,338355356,Americas
2022,MNG,Mongolia,2400957,Asia
2022,MDA,Rep. of Moldova,12312398,Europe
2022,MNE,Montenegro,9547850,Europe
2022,MSR,Montserrat,2741,Americas
2022,MAR,Morocco,114440707,Africa
2022,MOZ,Mozambique,46690645,Africa
2022,OMN,Oman,1376784354,Asia
2022,NAM,Namibia,3324400,Africa
2022,NRU,Nauru,96339,Oceania
2022,NPL,Nepal,778994,Asia
2022,NLD,Netherlands,855498798,Europe
2022,CUW,Curaçao,556516,Americas
2022,ABW,Aruba,3055,Americas
2022,NCL,New Caledonia,14565510,Oceania
2022,VUT,Vanuatu,303,Oceania
2022,NZL,New Zealand,1397379928,Oceania
2022,NIC,Nicaragua,237878,Americas
2022,NER,Niger,178230,Africa
2022,NGA,Nigeria,4321217170,Africa
2022,NIU,Niue,3350,Oceania
2022,NFK,Norfolk Isds,10269,Oceania
2022,NOR,Norway,261460178,Europe
2022,MNP,N. Mariana Isds,582,Oceania
2022,UMI,United States Minor Outlying Islands,6740,Oceania
2022,FSM,FS Micronesia,2595,Oceania
2022,MHL,Marshall Isds,63745281,Oceania
2022,PLW,Palau,6240,Oceania
2022,PAK,Pakistan,188112668,Asia
2022,PAN,Panama,5736570,Americas
2022,PNG,Papua New Guinea,63072711,Oceania
2022,PRY,Paraguay,56401217,Americas
2022,PER,Peru,111807369,Americas
2022,PHL,Philippines,1493777897,Asia
2022,PCN,Pitcairn,1341,Oceania
2022,POL,Poland,238427098,Europe
2022,PRT,Portugal,37766009,Europe
2022,GNB,Guinea-Bissau,340,Africa
2022,TLS,Timor-Leste,4745937,Asia
2022,QAT,Qatar,974042887,Asia
2022,ROU,Romania,37512649,Europe
2022,RUS,Russian Federation,2180574024,Europe
2022,RWA,Rwanda,202360,Africa
2022,BLM,Saint Barthélemy,32987,Americas
2022,SHN,Saint Helena,6733,Africa
2022,KNA,Saint Kitts and Nevis,7772,Americas
2022,AIA,Anguilla,17233,Americas
2022,VCT,Saint Vincent and the Grenadines,20012,Americas
2022,SMR,San Marino,79229,Europe
2022,STP,Sao Tome and Principe,14756,Africa
2022,SAU,Saudi Arabia,5491364184,Asia
2022,SEN,Senegal,830404,Africa
2022,SRB,Serbia,4232643,Europe
2022,SYC,Seychelles,13316663,Africa
2022,SLE,Sierra Leone,2057456,Africa
2022,IND,India,9329536893,Asia
2022,SGP,Singapore,19409472946,Asia
2022,SVK,Slovakia,26263586,Europe
2022,VNM,Viet Nam,4817796897,Asia
2022,SVN,Slovenia,34022752,Europe
2022,SOM,Somalia,54103,Africa
2022,ZAF,South Africa,2163790784,Africa
2022,ZWE,Zimbabwe,61274889,Africa
2022,ESP,Spain,585920089,Europe
2022,SDN,Sudan,36431746,Africa
2022,ESH,Western Sahara,26838,Africa
2022,SUR,Suriname,29615,Americas
2022,SWZ,Eswatini,1757925,Africa
2022,SWE,Sweden,620320772,Europe
2022,CHE,Switzerland,870040970,Europe
2022,SYR,Syria,103477,Asia
2022,TJK,Tajikistan,1721,Asia
2022,THA,Thailand,10989023969,Asia
2022,TGO,Togo,7605548,Africa
2022,TKL,Tokelau,51893,Oceania
2022,TON,Tonga,2022,Oceania
2022,TTO,Trinidad and Tobago,44015,Americas
2022,ARE,United Arab Emirates,2760473471,Asia
2022,TUN,Tunisia,45691306,Africa
2022,TUR,Türkiye,515183469,Asia
2022,TKM,Turkmenistan,1560,Asia
2022,TCA,Turks and Caicos Isds,8195,Americas
2022,UGA,Uganda,6049968,Africa
2022,UKR,Ukraine,113360513,Europe
2022,MKD,North Macedonia,1806384,Europe
2022,EGY,Egypt,226008644,Africa
2022,GBR,United Kingdom,1039769203,Europe
2022,TZA,United Rep. of Tanzania,63491326,Africa
2022,USA,USA,11682890847,Americas
2022,BFA,Burkina Faso,4897302,Africa
2022,URY,Uruguay,23527896,Americas
2022,UZB,Uzbekistan,48929594,Asia
2022,VEN,Venezuela,10999623,Americas
2022,WSM,Samoa,2213177,Oceania
2022,YEM,Yemen,1193886,Asia
2022,ZMB,Zambia,8533421,Africa
2023,AFG,Afghanistan,164668,Asia
2023,ALB,Albania,530334,Europe
2023,DZA,Algeria,562213683,Africa
2023,ASM,American Samoa,129193,Oceania
2023,AND,Andorra,486146,Europe
2023,AGO,Angola,1196054636,Africa
2023,ATG,Antigua and Barbuda,57351,Americas
2023,AZE,Azerbaijan,250781160,Asia
2023,ARG,Argentina,1390466387,Americas
2023,AUS,Australia,9299995569,Oceania
2023,AUT,Austria,419186506,Europe
2023,BHS,Bahamas,22520,Americas
2023,BHR,Bahrain,157583140,Asia
2023,BGD,Bangladesh,94977949,Asia
2023,ARM,Armenia,441890,Asia
2023,BRB,Barbados,114032,Americas
2023,BEL,Belgium,684263291,Europe
2023,BMU,Bermuda,87,Americas
2023,BTN,Bhutan,2901534,Asia
2023,BOL,Bolivia (Plurinational State of),14780283,Americas
2023,BIH,Bosnia Herzegovina,3128284,Europe
2023,BWA,Botswana,9407,Africa
2023,BVT,Bouvet Island,397,Americas
2023,BRA,Brazil,4856436723,Americas
2023,BLZ,Belize,226749,Americas
2023,IOT,Br. Indian Ocean Terr.,87419,Africa
2023,SLB,Solomon Isds,354916,Oceania
2023,VGB,Br. Virgin Isds,11479560,Americas
2023,BRN,Brunei Darussalam,317133091,Asia
2023,BGR,Bulgaria,346354925,Europe
2023,MMR,Myanmar,150381813,Asia
2023,BDI,Burundi,48794,Africa
2023,BLR,Belarus,75733304,Europe
2023,KHM,Cambodia,105193657,Asia
2023,CMR,Cameroon,76256657,Africa
2023,CAN,Canada,2145869963,Americas
2023,CPV,Cabo Verde,19286,Africa
2023,CYM,Cayman Isds,4111,Americas
2023,CAF,Central African Rep.,14475,Africa
2023,LKA,Sri Lanka,43107235,Asia
2023,TCD,Chad,4562,Africa
2023,CHL,Chile,173368829,Americas
2023,CHN,China,62880883428,Asia
2023,CXR,Christmas Isds,2686851,Oceania
2023,CCK,Cocos Isds,152,Oceania
2023,COL,Colombia,24068990,Americas
2023,COM,Comoros,24906264,Africa
2023,COG,Congo,5424614,Africa
2023,COD,Dem. Rep. of the Congo,245039827,Africa
2023,COK,Cook Isds,1095,Oceania
2023,CRI,Costa Rica,12781756,Americas
2023,HRV,Croatia,8425377,Europe
2023,CUB,Cuba,1151851,Americas
2023,CYP,Cyprus,9220248,Asia
2023,CZE,Czechia,259514550,Europe
2023,BEN,Benin,2205554,Africa
2023,DNK,Denmark,219080781,Europe
2023,DMA,Dominica,60651,Americas
2023,DOM,Dominican Rep.,33708807,Americas
2023,ECU,Ecuador,205678034,Americas
2023,SLV,El Salvador,795143,Americas
2023,GNQ,Equatorial Guinea,160868455,Africa
2023,ETH,Ethiopia,22040875,Africa
2023,ERI,Eritrea,19218,Africa
2023,EST,Estonia,51422620,Europe
2023,FRO,Faeroe Isds,71007,Europe
2023,FLK,Falkland Isds (Malvinas),4304,Americas
2023,SGS,South Georgia and the South Sandwich Islands,342,Americas
2023,FJI,Fiji,888311,Oceania
2023,FIN,Finland,658090326,Europe
2023,FRA,France,1665185677,Europe
2023,PYF,French Polynesia,60247,Oceania
2023,ATF,Fr. South Antarctic Terr.,850,Africa
2023,DJI,Djibouti,24,Africa
2023,GAB,Gabon,882844223,Africa
2023,GEO,Georgia,1341704,Asia
2023,GMB,Gambia,4030789,Africa
2023,PSE,State of Palestine,1909777,Asia
2023,DEU,Germany,4647337713,Europe
2023,GHA,Ghana,26002163,Africa
2023,GIB,Gibraltar,916,Europe
2023,KIR,Kiribati,16171,Oceania
2023,GRC,Greece,115012143,Europe
2023,GRL,Greenland,579375,Americas
2023,GUM,Guam,2482,Oceania
2023,GTM,Guatemala,444223,Americas
2023,GIN,Guinea,70435488,Africa
2023,GUY,Guyana,550733,Americas
2023,HTI,Haiti,1514503,Americas
2023,VAT,Holy See (Vatican City State),5372,Europe
2023,HND,Honduras,427721,Americas
2023,HKG,"China, Hong Kong SAR",2526529973,Asia
2023,HUN,Hungary,105833595,Europe
2023,ISL,Iceland,6784427,Europe
2023,IDN,Indonesia,91907828,Asia
2023,IRN,Iran,11721914,Asia
2023,IRQ,Iraq,32612019,Asia
2023,IRL,Ireland,166037674,Europe
2023,ISR,Israel,21925546,Asia
2023,ITA,Italy,1890959242,Europe
2023,CIV,Côte d'Ivoire,254400789,Africa
2023,JAM,Jamaica,14877,Americas
2023,JPN,Japan,16516859889,Asia
2023,KAZ,Kazakhstan,232898803,Asia
2023,JOR,Jordan,262830133,Asia
2023,KEN,Kenya,27463197,Africa
2023,PRK,Dem. People's Rep. of Korea,651436,Asia
2023,KOR,Rep. of Korea,10525784010,Asia
2023,KWT,Kuwait,234104735,Asia
2023,KGZ,Kyrgyzstan,886636,Asia
2023,LAO,Lao People's Dem. Rep.,83245795,Asia
2023,LBN,Lebanon,1147940,Asia
2023,LSO,Lesotho,341,Africa
2023,LVA,Latvia,20705272,Europe
2023,LBR,Liberia,32105756,Africa
2023,LBY,Libya,57723523,Africa
2023,LTU,Lithuania,37528235,Europe
2023,LUX,Luxembourg,8031253,Europe
2023,MAC,"China, Macao SAR",2495295,Asia
2023,MDG,Madagascar,183935622,Africa
2023,MWI,Malawi,8768479,Africa
2023,MYS,Malaysia,10760602217,Asia
2023,MDV,Maldives,685241,Asia
2023,MLI,Mali,883367,Africa
2023,MLT,Malta,29907166,Europe
2023,MRT,Mauritania,22057687,Africa
2023,MUS,Mauritius,1894812,Africa
2023,MEX,Mexico,370084133,Americas
2023,MNG,Mongolia,5872786,Asia
2023,MDA,Rep. of Moldova,22101493,Europe
2023,MNE,Montenegro,383999,Europe
2023,MSR,Montserrat,3544,Americas
2023,MAR,Morocco,28880514,Africa
2023,MOZ,Mozambique,88179285,Africa
2023,OMN,Oman,1849392920,Asia
2023,NAM,Namibia,960597,Africa
2023,NRU,Nauru,419720,Oceania
2023,NPL,Nepal,1687721,Asia
2023,NLD,Netherlands,946030441,Europe
2023,CUW,Curaçao,477951,Americas
2023,ABW,Aruba,459,Americas
2023,SXM,Sint Maarten,1093,Americas
2023,NCL,New Caledonia,67193,Oceania
2023,VUT,Vanuatu,292253,Oceania
2023,NZL,New Zealand,1135033274,Oceania
2023,NIC,Nicaragua,76987,Americas
2023,NER,Niger,146800,Africa
2023,NGA,Nigeria,3941009452,Africa
2023,NIU,Niue,111117,Oceania
2023,NFK,Norfolk Isds,97921,Oceania
2023,NOR,Norway,248423620,Europe
2023,MNP,N. Mariana Isds,454,Oceania
2023,UMI,United States Minor Outlying Islands,98667,Oceania
2023,FSM,FS Micronesia,824,Oceania
2023,MHL,Marshall Isds,70686079,Oceania
2023,PLW,Palau,6280,Oceania
2023,PAK,Pakistan,309239272,Asia
2023,PAN,Panama,17389513,Americas
2023,PNG,Papua New Guinea,50737149,Oceania
2023,PRY,Paraguay,6071135,Americas
2023,PER,Peru,77000694,Americas
2023,PHL,Philippines,1491450985,Asia
2023,PCN,Pitcairn,24372,Oceania
2023,POL,Poland,224957556,Europe
2023,PRT,Portugal,38467199,Europe
2023,TLS,Timor-Leste,8134475,Asia
2023,QAT,Qatar,932075090,Asia
2023,ROU,Romania,61476944,Europe
2023,RUS,Russian Federation,2433798069,Europe
2023,RWA,Rwanda,52672,Africa
2023,BLM,Saint Barthélemy,88311,Americas
2023,SHN,Saint Helena,54546,Africa
2023,KNA,Saint Kitts and Nevis,721,Americas
2023,AIA,Anguilla,97904,Americas
2023,SMR,San Marino,48928,Europe
2023,STP,Sao Tome and Principe,7214,Africa
2023,SAU,Saudi Arabia,4067085307,Asia
2023,SEN,Senegal,767737,Africa
2023,SRB,Serbia,9780056,Europe
2023,SYC,Seychelles,23327906,Africa
2023,SLE,Sierra Leone,2106315,Africa
2023,IND,India,6701202254,Asia
2023,SGP,Singapore,18409555989,Asia
2023,SVK,Slovakia,30521544,Europe
2023,VNM,Viet Nam,5299973909,Asia
2023,SVN,Slovenia,50667213,Europe
2023,SOM,Somalia,68768,Africa
2023,ZAF,South Africa,1401089082,Africa
2023,ZWE,Zimbabwe,79988621,Africa
2023,ESP,Spain,613551529,Europe
2023,SSD,South Sudan,4221,Africa
2023,SDN,Sudan,1425168,Africa
2023,ESH,Western Sahara,51,Africa
2023,SUR,Suriname,130243,Americas
2023,SWZ,Eswatini,592839,Africa
2023,SWE,Sweden,815041050,Europe
2023,CHE,Switzerland,752299273,Europe
2023,SYR,Syria,165368,Asia
2023,TJK,Tajikistan,5180,Asia
2023,THA,Thailand,10253188579,Asia
2023,TGO,Togo,70062272,Africa
2023,TKL,Tokelau,16983,Oceania
2023,TTO,Trinidad and Tobago,67458,Americas
2023,ARE,United Arab Emirates,2351750648,Asia
2023,TUN,Tunisia,105339392,Africa
2023,TUR,Türkiye,598244556,Asia
2023,TKM,Turkmenistan,647049,Asia
2023,TCA,Turks and Caicos Isds,9506,Americas
2023,TUV,Tuvalu,1360,Oceania
2023,UGA,Uganda,4788994,Africa
2023,UKR,Ukraine,212223596,Europe
2023,MKD,North Macedonia,11107874,Europe
2023,EGY,Egypt,201370570,Africa
2023,GBR,United Kingdom,1168600179,Europe
2023,TZA,United Rep. of Tanzania,35677399,Africa
2023,USA,USA,11337694391,Americas
2023,BFA,Burkina Faso,253893,Africa
2023,URY,Uruguay,18331417,Americas
2023,UZB,Uzbekistan,124717228,Asia
2023,VEN,Venezuela,20394630,Americas
2023,WLF,Wallis and Futuna Isds,440,Oceania
2023,WSM,Samoa,496813,Oceania
2023,YEM,Yemen,6061005,Asia
2023,ZMB,Zambia,6800043,Africa
